1,ATIA,ABAWI,0,0,1,0,0,0,,ATIA ABAWI,

2,HAILEY,ABBOTT,1,0,0,0,0,0,,HAILEY ABBOTT,

3,MEGAN E,ABBOTT,1,0,0,0,0,0,,MEGAN E ABBOTT,

4,RANDA,ABDEL FATTAH,0,0,0,0,0,0,,RANDA ABDEL FATTAH,

5,PETER,ABRAHAMS,1,0,0,0,0,0,,PETER ABRAHAMS,

6,ELIZABETH,ACEVEDO,0,0,0,0,0,0,,ELIZABETH ACEVEDO,

7,MARC,ACITO,0,1,0,0,0,1,,MARC ACITO,

8,TOMI,ADEYEMI,0,0,0,0,0,0,,TOMI ADEYEMI,

9,BECKY,ALBERTALLI,1,1,0,0,0,0,,BECKY ALBERTALLI,

10,GENNIFER,ALBIN,1,0,0,0,0,0,,GENNIFER ALBIN,

11,SHERMAN,ALEXIE,0,1,0,0,0,0,,SHERMAN ALEXIE,

12,ELANOR,ALLEN,1,0,0,0,0,0,,ELANOR ALLEN,

13,MAX,ALLEN,1,0,0,0,0,0,,MAX ALLEN,

14,DAVID,ALMOND,1,0,0,0,0,0,,DAVID ALMOND,

15,JODI LYNN,ANDERSON,1,0,0,0,0,0,,JODI LYNN ANDERSON,

16,LAURIE HALSE,ANDERSON,1,0,0,0,0,0,,LAURIE HALSE ANDERSON,

17,M T,ANDERSON,1,0,0,0,0,0,,M T ANDERSON,

18,JESSE,ANDREWS,0,0,0,0,0,0,,JESSE ANDREWS,

19,CINDY,ANSTEY,1,0,1,0,0,0,,CINDY ANSTEY,

20,KELLEY,ARMSTRONG,1,0,0,0,0,0,,KELLEY ARMSTRONG,

21,MINDEE,ARNETT,1,0,0,0,0,0,,MINDEE ARNETT,

22,DAVID,ARNOLD,1,0,0,0,0,0,,DAVID ARNOLD,

23,ELANA K,ARNOLD,1,0,0,0,0,0,,ELANA K ARNOLD,

24,JAY,ASHER,1,0,0,0,0,0,,JAY ASHER,

25,CATHERINE,ATKINS,0,0,0,0,0,0,,CATHERINE ATKINS,

26,DEAN,ATTA,0,1,0,0,0,1,,DEAN ATTA,

27,SWATI,AVASTHI,0,0,1,0,0,0,,SWATI AVASTHI,

28,VICTORIA,AVEYARD,1,0,0,0,0,0,,VICTORIA AVEYARD,

29,JULIANNA,BAGGOTT,1,0,0,0,0,0,,JULIANNA BAGGOTT,

30,CHANDLER,BAKER,1,0,0,0,0,0,,CHANDLER BAKER,

31,ANNA,BANKS,1,0,0,0,0,0,,ANNA BANKS,

32,MEGAN,BANNEN,1,0,0,0,0,0,,MEGAN BANNEN,

33,LEIGH,BARDUGO,0,0,1,0,1,0,,LEIGH BARDUGO,

34,HANNAH RODGERS,BARNABY,1,0,0,0,0,0,,HANNAH RODGERS BARNABY,

35,JENNIFER,BARNES,1,0,0,0,0,0,,JENNIFER BARNES,

36,K A,BARSON,1,0,0,0,0,0,,K A BARSON,

37,MELISSA,BASHARDOUST,0,1,0,0,0,0,,MELISSA BASHARDOUST,

38,NORA RALEIGH,BASKIN,1,0,0,0,0,0,,NORA RALEIGH BASKIN,

39,A C E,BAUER,0,0,0,0,0,1,,A C E BAUER,

40,JOAN,BAUER,1,0,0,0,0,0,,JOAN BAUER,

41,CRIS,BEAM,1,0,0,0,0,0,,CRIS BEAM,

42,ROBIN,BENWAY,1,0,0,0,0,0,,ROBIN BENWAY,

43,JULIE,BERRY,1,0,0,0,0,0,,JULIE BERRY,

44,ILSA J,BICK,1,0,1,0,0,0,,ILSA J BICK,

45,HOLLY,BLACK,1,0,0,0,0,0,,HOLLY BLACK,

46,KENDARE,BLAKE,0,0,0,0,0,0,,KENDARE BLAKE,

47,FRANCESCA LIA,BLOCK,1,0,0,0,0,0,,FRANCESCA LIA BLOCK,

48,JUDY,BLUME,1,0,0,0,0,0,,JUDY BLUME,

49,VIRGINIA,BOECKER,1,0,0,0,0,0,,VIRGINIA BOECKER,

50,GWENDA,BOND,1,0,0,0,0,0,,GWENDA BOND,

51,ANGELINE,BOULLEY,0,0,0,0,0,0,,ANGELINE BOULLEY,

52,AKEMI DAWN,BOWMAN,0,1,0,0,0,0,,AKEMI DAWN BOWMAN,

53,ALEXANDRA,BRACKEN,1,0,0,0,0,0,,ALEXANDRA BRACKEN,

54,RAY,BRADBURY,1,0,0,0,0,0,,RAY BRADBURY,

55,CHRIS,BRADFORD,1,0,0,0,0,0,,CHRIS BRADFORD,

56,JOHN,BRANDON,1,0,0,0,0,0,,JOHN BRANDON,

57,ANN,BRASHARES,1,0,0,0,0,0,,ANN BRASHARES,

58,LIBBA,BRAY,1,0,0,0,0,0,,LIBBA BRAY,

59,MARTHA,BROCKENBROUGH,1,0,0,0,0,0,,MARTHA BROCKENBROUGH,

60,KEVIN,BROOKS,1,0,0,0,0,0,,KEVIN BROOKS,

61,MARTHA,BROOKS,0,0,0,0,1,0,,MARTHA BROOKS,

62,CAROL RIFKA,BRUNT,1,0,0,0,0,0,,CAROL RIFKA BRUNT,

63,FLAVIA,BUJOR,1,0,1,0,0,0,,FLAVIA BUJOR,

64,FRANCES HODGSON,BURNETT,0,0,0,1,0,0,,FRANCES HODGSON BURNETT,

65,JIM,BUTCHER,1,0,0,0,0,0,,JIM BUTCHER,

66,JULIE,BUXBAUM,1,0,0,0,0,0,,JULIE BUXBAUM,

67,LAURA,BUZO,1,0,0,0,0,0,,LAURA BUZO,

68,MEG,CABOT,1,0,0,0,0,0,,MEG CABOT,

69,RACHEL ,CAINE,1,0,0,0,0,0,,RACHEL  CAINE,

70,ANN,AGUIRRE,1,0,0,0,0,0,,ANN AGUIRRE,

71,DEB,CALETTI,1,0,0,0,0,0,,DEB CALETTI,

72,ORSON SCOTT,CARD,1,0,0,0,0,0,,ORSON SCOTT CARD,

73,MELODY,CARLSON,1,0,0,0,0,0,,MELODY CARLSON,

74,MICHAEL OWEN,CARROLL,1,0,0,0,0,0,,MICHAEL OWEN CARROLL,

75,RAE,CARSON,1,0,0,0,0,0,,RAE CARSON,

76,KRISTIN,CASHORE,1,0,0,0,0,0,,KRISTIN CASHORE,

77,KIERA,CASS,1,0,0,0,0,0,,KIERA CASS,

78,P C ,CAST,1,0,0,0,0,0,,P C  CAST,

79,KRISTIN,CAST,1,0,0,0,0,0,,KRISTIN CAST,

80,JENNIFER,CASTLE,1,0,0,0,0,0,,JENNIFER CASTLE,

81,BRITTANY,CAVALLARO,1,0,0,0,0,0,,BRITTANY CAVALLARO,

82,JOELLE,CHARBONNEAU,1,0,0,0,0,0,,JOELLE CHARBONNEAU,

83,STEPHEN,CHBOSKY,1,0,0,0,0,0,,STEPHEN CHBOSKY,

84,TRACI,CHEE,0,0,0,0,0,0,,TRACI CHEE,

85,KAT,CHO,0,0,0,0,0,0,,KAT CHO,

86,MARY H K,CHOI,0,0,0,0,0,0,,MARY H K CHOI,

87,GENNIFER,CHOLDENKO,1,0,0,0,0,0,,GENNIFER CHOLDENKO,

88,LUCY,CHRISTOPHER,1,0,0,0,0,0,,LUCY CHRISTOPHER,

89,unknown,unknown,0,0,0,0,0,0,,unknown unknown,

90,CASSANDRA,CLARE,1,0,1,0,0,0,,CASSANDRA CLARE,

91,DAVID,CLEMENT DAVIES,1,0,0,0,0,0,,DAVID CLEMENT DAVIES,

92,ROSEMARY,CLEMENT MOORE,1,0,0,0,0,0,,ROSEMARY CLEMENT MOORE,

93,ERNEST,CLINE,1,0,0,0,0,0,,ERNEST CLINE,

94,REBECCA,COFFINDAFFER,0,0,0,0,0,1,,REBECCA COFFINDAFFER,3

95,RACHEL,COHN,1,0,0,0,0,0,,RACHEL COHN,

96,SUSANN,COKAL,1,0,0,0,0,0,,SUSANN COKAL,

97,BRANDY,COLBERT,0,0,0,0,0,0,,BRANDY COLBERT,

98,KRESLEY,COLE,1,0,0,0,0,0,,KRESLEY COLE,

99,SUZANNE,COLLINS,1,0,0,0,0,0,,SUZANNE COLLINS,

100,ALLYSON BRAITHWAITE,CONDIE,1,0,0,0,0,0,,ALLYSON BRAITHWAITE CONDIE,

101,DAVE,CONNIS,1,0,0,0,0,0,,DAVE CONNIS,

102,JOHN,CONNOLLY,1,0,0,0,0,0,,JOHN CONNOLLY,

103,CAROLINE B,COONEY,1,0,0,0,0,0,,CAROLINE B COONEY,

104,E E,COOPER,0,0,0,0,0,0,,E E COOPER,

105,ZORAIDA,CORDOVA,0,0,0,0,0,0,,ZORAIDA CORDOVA,

106,SHELLEY,CORIELL,1,0,0,0,0,0,,SHELLEY CORIELL,

107,ROBERT,CORMIER,1,0,0,0,0,0,,ROBERT CORMIER,

108,SARAH,CORNWELL,1,0,0,0,0,0,,SARAH CORNWELL,

109,AUDREY,COULTHURST,1,0,0,0,0,0,,AUDREY COULTHURST,

110,A M,CRIDLAND,1,0,0,0,0,0,,A M CRIDLAND,

111,S D,CROCKETT,1,0,1,0,0,0,,S D CROCKETT,

112,KIRSTIN,CRONN MILLS,1,0,0,0,0,0,,KIRSTIN CRONN MILLS,

113,SARAH,CROSS,1,0,0,0,0,0,,SARAH CROSS,

114,SARAH,CROSSAN,1,0,0,0,0,0,,SARAH CROSSAN,

115,MELANIE,CROWDER,1,0,0,0,0,0,,MELANIE CROWDER,

116,CATH,CROWLEY,1,0,0,0,0,0,,CATH CROWLEY,

117,CHRIS,CRUTCHER,1,0,0,0,0,0,,CHRIS CRUTCHER,

118,SIMON,CURTIS,0,1,0,0,0,1,,SIMON CURTIS,

119,GINA,DAMICO,1,0,0,0,0,0,,GINA DAMICO,

120,EMILY M,DANFORTH,0,1,0,0,0,1,,EMILY M DANFORTH,

121,APRIL,DANIELS,0,1,0,0,0,1,,APRIL DANIELS,

122,JULIE C,DAO,0,0,0,0,0,0,,JULIE C DAO,

123,JAMES,DASHNER,1,0,0,0,0,0,,JAMES DASHNER,

124,HEATHER,DAVIS,1,0,0,0,0,0,,HEATHER DAVIS,

125,ARWEN,DAYTON,1,0,0,0,0,0,,ARWEN DAYTON,

126,MELISSA,DE LA CRUZ,0,0,0,0,0,0,,MELISSA DE LA CRUZ,

127,MASON,DEAVER,0,1,0,0,0,1,,MASON DEAVER,3

128,AVA,DELLAIRA,1,0,0,0,0,0,,AVA DELLAIRA,

129,SUSAN,DENNARD,1,0,0,0,0,0,,SUSAN DENNARD,

130,SARAH,DESSEN,1,0,0,0,0,0,,SARAH DESSEN,

131,JAMES,DEVITA,1,0,0,0,0,0,,JAMES DEVITA,

132,CALLA,DEVLIN,1,0,0,0,0,0,,CALLA DEVLIN,

133,RACHEL,DEWOSKIN,1,1,0,0,0,0,,RACHEL DEWOSKIN,

134,CHERIE,DIMALINE,0,1,0,0,0,0,,CHERIE DIMALINE,

135,JENNIFER,DONNELLY,1,0,0,0,0,0,,JENNIFER DONNELLY,

136,PATRICK,DOWNES,1,0,0,0,0,0,,PATRICK DOWNES,

137,ARTHUR CONAN,DOYLE,1,0,0,0,0,0,,ARTHUR CONAN DOYLE,

138,DIANE,DUANE,1,0,1,0,0,0,,DIANE DUANE,

139,JENNIFER,DUGAN,0,1,0,0,0,1,,JENNIFER DUGAN,

140,EMILY A,DUNCAN,0,0,0,0,0,1,,EMILY A DUNCAN,3

141,CORINNE,DUYVIS,0,0,0,1,1,1,,CORINNE DUYVIS,

142,CLYDE,EDGERTON,1,0,0,0,0,0,,CLYDE EDGERTON,

143,DAVID,ELLIOTT,1,0,0,0,0,0,,DAVID ELLIOTT,

144,KATE,ELLIOTT,1,0,0,0,0,0,,KATE ELLIOTT,

145,LAURA,ELLIOTT,1,0,0,0,0,0,,LAURA ELLIOTT,

146,AKWAEKE,EMEZI,0,1,1,0,0,1,,AKWAEKE EMEZI,3

147,MICHAEL,ENDE,1,0,0,0,0,0,,MICHAEL ENDE,

148,M K,ENGLAND,1,0,0,0,0,1,,M K ENGLAND,3

149,JOHN,ESCOTT,1,0,0,0,0,0,,JOHN ESCOTT,

150,ELIZABETH,EULBERG,1,0,0,0,0,0,,ELIZABETH EULBERG,

151,AMY,EWING,1,0,0,0,0,0,,AMY EWING,

152,HAFSAH,FAIZAL,0,0,0,0,0,0,,HAFSAH FAIZAL,

153,DEBORAH,FALAYE,0,1,1,0,0,0,,DEBORAH FALAYE,

154,MICHELLE,FALKOFF,1,0,0,0,0,0,,MICHELLE FALKOFF,

155,ELIZABETH,FAMA,1,0,0,0,0,0,,ELIZABETH FAMA,

156,TERRY,FARISH,1,0,0,0,0,0,,TERRY FARISH,

157,NANCY,FARMER,1,0,0,0,0,0,,NANCY FARMER,

158,TIM,FEDERLE,0,1,0,0,0,1,,TIM FEDERLE,

159,JEAN,FERRIS,1,0,0,0,0,0,,JEAN FERRIS,

160,CATHERINE,FISHER,1,0,0,0,0,0,,CATHERINE FISHER,

161,BECCA,FITZPATRICK,1,0,0,0,0,0,,BECCA FITZPATRICK,

162,HUNTLEY,FITZPATRICK,1,0,0,0,0,0,,HUNTLEY FITZPATRICK,

163,PAUL,FLEISCHMAN,1,0,0,0,0,0,,PAUL FLEISCHMAN,

164,JESSIE ANN,FOLEY,1,0,0,0,0,0,,JESSIE ANN FOLEY,

165,GAYLE,FORMAN,1,0,0,0,0,0,,GAYLE FORMAN,

166,KAREN JOY,FOWLER,1,0,0,0,0,0,,KAREN JOY FOWLER,

167,JONATHAN,FRIESEN,1,0,0,0,0,0,,JONATHAN FRIESEN,

168,ESTHER M,FRIESNER,1,0,0,0,0,0,,ESTHER M FRIESNER,

169,ANDREW XIA,FUKUDA,0,0,0,0,0,0,,ANDREW XIA FUKUDA,

170,ISAMU,FUKUI,0,0,0,0,0,0,,ISAMU FUKUI,

171,JOSTEIN,GAARDER,1,0,0,0,0,0,,JOSTEIN GAARDER,

172,NEIL,GAIMAN,1,0,0,0,0,0,,NEIL GAIMAN,

173,RIVKA,GALCHEN,1,0,0,0,0,0,,RIVKA GALCHEN,

174,ROMINA,GARBER,0,1,1,0,0,0,,ROMINA GARBER,

175,STEPHANIE,GARBER,1,0,0,0,0,0,,STEPHANIE GARBER,

176,SALLY,GARDNER,1,0,0,1,0,0,,SALLY GARDNER,

177,WHITNEY,GARDNER,1,0,0,0,0,0,,WHITNEY GARDNER,

178,JEFF,GARVIN,1,0,0,0,0,0,,JEFF GARVIN,

179,SHANNON,GIBNEY,0,0,0,0,0,0,,SHANNON GIBNEY,

180,LAMAR,GILES,0,1,0,0,0,0,,LAMAR GILES,

181,M E,GIRARD,1,1,0,0,0,1,,M E GIRARD,

182,KATHLEEN,GLASGOW,1,0,0,0,0,0,,KATHLEEN GLASGOW,

183,LIBBY,GLEESON,1,0,0,0,0,0,,LIBBY GLEESON,

184,CHLOE,GONG,0,1,1,0,0,0,,CHLOE GONG,

185,MAURENE,GOO,0,1,0,0,0,0,,MAURENE GOO,

186,ALISON,GOODMAN,1,0,0,0,0,0,,ALISON GOODMAN,

187,S J,GOSLEE,1,0,0,0,0,0,,S J GOSLEE,

188,HELEN,GRANT,1,0,0,0,0,0,,HELEN GRANT,

189,JOHN,GREEN,0,1,0,0,1,0,,JOHN GREEN,

190,DAVID,LEVITHAN,0,1,0,0,0,1,,DAVID LEVITHAN,

191,I W,GREGORIO,0,0,0,0,0,0,,I W GREGORIO,

192,ADELE,GRIFFIN,1,0,0,0,0,0,,ADELE GRIFFIN,

193,PAUL,GRIFFIN,1,0,0,0,0,0,,PAUL GRIFFIN,

194,LEV,GROSSMAN,1,0,0,0,0,0,,LEV GROSSMAN,

195,FAIZA,GUENE,0,1,0,0,0,0,,FAIZA GUENE,

196,LEANNE,HALL,0,1,0,0,0,0,,LEANNE HALL,

197,CHRISTINA,HAMMONDS REED,0,1,0,0,0,0,,CHRISTINA HAMMONDS REED,

198,JENNY,HAN,0,1,0,0,0,0,,JENNY HAN,

199,CYNTHIA,HAND,0,0,0,0,0,0,,CYNTHIA HAND,

200,HANNA ,ALKAF,0,0,0,0,0,0,,HANNA  ALKAF,

201,PAIGE,HARBISON,1,0,0,0,0,0,,PAIGE HARBISON,

202,FRANCES,HARDINGE,1,0,0,0,0,0,,FRANCES HARDINGE,

203,JANE,HARRINGTON,1,0,0,0,0,0,,JANE HARRINGTON,

204,JOANNE,HARRIS,1,0,0,0,0,0,,JOANNE HARRIS,

205,JOHAN,HARSTAD,1,0,0,0,0,0,,JOHAN HARSTAD,

206,RACHEL,HARTMAN,1,0,0,0,0,0,,RACHEL HARTMAN,

207,RACHEL,HAWKINS,1,0,0,0,0,0,,RACHEL HAWKINS,

208,GIBBY,HAYNES,1,0,0,0,0,0,,GIBBY HAYNES,

209,HEIDI,HEILIG,0,1,0,1,0,0,,HEIDI HEILIG,

210,ANNE,HELTZEL,1,0,0,0,0,0,,ANNE HELTZEL,

211,APRIL,HENRY,1,0,0,0,0,0,,APRIL HENRY,

212,EMILY,HENRY,1,0,0,0,0,0,,EMILY HENRY,

213,GEOFF,HERBACH,1,0,0,0,0,0,,GEOFF HERBACH,

214,TESS,HILMO,1,0,0,0,0,0,,TESS HILMO,

215,S E,HINTON,1,0,0,0,0,0,,S E HINTON,

216,BONNIE SUE,HITCHCOCK,1,0,0,0,0,0,,BONNIE SUE HITCHCOCK,

217,AMANDA,HOCKING,1,0,0,0,0,0,,AMANDA HOCKING,

218,ROSAMUND,HODGE,1,0,0,0,0,0,,ROSAMUND HODGE,

219,MICHELLE,HODKIN,1,0,0,0,0,0,,MICHELLE HODKIN,

220,ALICE,HOFFMAN,1,1,0,0,0,0,,ALICE HOFFMAN,

221,CHARLIE N,HOLMBERG,1,0,0,0,0,0,,CHARLIE N HOLMBERG,

222,K A,HOLT,0,0,0,0,0,1,,K A HOLT,

223,KIMBERLY WILLIS,HOLT,1,0,0,0,0,0,,KIMBERLY WILLIS HOLT,

224,ELLEN,HOPKINS,1,0,0,0,0,0,,ELLEN HOPKINS,

225,ANTHONY,HOROWITZ,1,0,0,0,0,0,,ANTHONY HOROWITZ,

226,CHARLOTTE,HUANG,0,0,0,0,0,0,,CHARLOTTE HUANG,

227,JENNY,HUBBARD,1,0,0,0,0,0,,JENNY HUBBARD,

228,C C,HUNTER,1,0,0,0,0,0,,C C HUNTER,

229,SHAUN DAVID,HUTCHINSON,0,1,0,0,0,1,,SHAUN DAVID HUTCHINSON,

230,DOT,HUTCHISON,1,0,0,0,0,0,,DOT HUTCHISON,

231,CANDICE,ILOH,0,1,1,0,0,1,,CANDICE ILOH,3

232,HOLLY,JACKSON,1,0,0,0,0,0,,HOLLY JACKSON,

233,TIFFANY D,JACKSON,0,1,0,0,0,0,,TIFFANY D JACKSON,

234,MALIK,SHARIF,0,1,0,0,0,0,,MALIK SHARIF,

235,CATHERINE,JINKS,1,0,0,0,0,0,,CATHERINE JINKS,

236,MAUREEN,JOHNSON,1,0,0,0,0,0,,MAUREEN JOHNSON,

237,ROBERT,JORDAN,1,0,0,0,0,0,,ROBERT JORDAN,

238,SHERRYL,JORDAN,1,0,0,0,0,0,,SHERRYL JORDAN,

239,CYNTHIA,KADOHATA,0,1,0,0,0,0,,CYNTHIA KADOHATA,

240,JULIE,KAGAWA,0,0,0,0,0,0,,JULIE KAGAWA,

241,MELISSA,KANTOR,1,0,0,0,0,0,,MELISSA KANTOR,

242,BRIAN,KATCHER,1,0,0,0,0,0,,BRIAN KATCHER,

243,LAUREN,KATE,1,0,0,0,0,0,,LAUREN KATE,

244,AMIE,KAUFMAN,1,0,0,0,0,0,,AMIE KAUFMAN,

245,JAY,KRISTOFF,1,0,0,0,0,0,,JAY KRISTOFF,

246,MILLARD,KAUFMAN,1,0,0,0,0,0,,MILLARD KAUFMAN,

247,BRIGID,KEMMERER,1,0,0,0,0,0,,BRIGID KEMMERER,

248,ROSE,KENT,1,0,0,0,0,0,,ROSE KENT,

249,BETH,KEPHART,1,0,0,0,0,0,,BETH KEPHART,

250,M E,KERR,0,0,0,0,0,1,,M E KERR,

251,ADIB,KHORRAM,0,1,0,0,0,1,,ADIB KHORRAM,

252,BRENDAN,KIELY,1,0,0,0,0,0,,BRENDAN KIELY,

253,JEANIA,KIMBROUGH,1,0,0,0,0,0,,JEANIA KIMBROUGH,

254,A S,KING,1,0,0,0,0,0,,A S KING,

255,JEN,KLEIN,1,0,0,0,0,0,,JEN KLEIN,

256,LISA,KLEIN,1,0,0,0,0,0,,LISA KLEIN,

257,BILL,KONIGSBERG,0,0,0,0,0,1,,BILL KONIGSBERG,

258,ALETHEA,KONTIS,1,0,0,0,0,0,,ALETHEA KONTIS,

259,NAOMI,KRITZER,1,0,0,0,0,0,,NAOMI KRITZER,

260,MARCIA CHAMBERS,KRUCHTEN,1,0,0,0,0,0,,MARCIA CHAMBERS KRUCHTEN,

261,STEPHANIE,KUEHN,0,0,0,0,0,0,,STEPHANIE KUEHN,

262,AMBELIN,KWAYMULLINA,0,1,0,0,0,0,,AMBELIN KWAYMULLINA,

263,EZEKIEL,KWAYMULLINA,0,1,0,0,0,0,,EZEKIEL KWAYMULLINA,

264,JEAN,KWOK,0,1,1,0,0,0,,JEAN KWOK,

265,TANYA LLOYD,KYI,1,0,0,0,0,0,,TANYA LLOYD KYI,

266,NINA,LACOUR,0,1,0,0,0,1,,NINA LACOUR,

267,ROBIN,LAFEVERS,1,0,0,0,0,0,,ROBIN LAFEVERS,

268,THANHHA,LAI,0,1,1,0,0,0,,THANHHA LAI,

269,NICK,LAKE,1,0,0,0,0,0,,NICK LAKE,

270,UNA,LAMARCHE,1,0,0,0,0,0,,UNA LAMARCHE,

271,EVELYN SIBLEY,LAMPMAN,1,0,0,0,0,0,,EVELYN SIBLEY LAMPMAN,

272,MELISSA,LANDERS,1,0,0,0,0,0,,MELISSA LANDERS,

273,ERIN JADE,LANGE,1,0,0,0,0,0,,ERIN JADE LANGE,

274,JENNIFER,LATHAM,1,0,0,0,0,0,,JENNIFER LATHAM,

275,VICTORIA,LAURIE,1,0,0,0,0,0,,VICTORIA LAURIE,

276,EMMY,LAYBOURNE,1,0,0,0,0,0,,EMMY LAYBOURNE,

277,URSULA K,LE GUIN,1,0,0,0,0,0,,URSULA K LE GUIN,

278,JAMES,LECESNE,0,0,0,0,0,1,,JAMES LECESNE,3

279,MACKENZI,LEE,0,0,0,0,0,1,,MACKENZI LEE,

280,STACEY,LEE,0,0,0,0,0,0,,STACEY LEE,

281,SARAH NICOLE,LEMON,1,0,0,0,0,0,,SARAH NICOLE LEMON,

282,MADELEINE,LENGLE,1,0,0,0,0,0,,MADELEINE LENGLE,

283,MADELINE,LENGLE,0,0,0,0,0,0,,MADELINE LENGLE,

284,BETTY,LEVIN,0,0,0,0,0,0,,BETTY LEVIN,

285,APRIL,LINDNER,1,0,0,0,0,0,,APRIL LINDNER,

286,DARCIE,LITTLE BADGER,0,1,0,0,0,1,,DARCIE LITTLE BADGER,

287,MALINDA,LO,0,1,0,0,0,1,,MALINDA LO,

288,E,LOCKHART,1,0,0,0,0,0,,E LOCKHART,

289,EMERY,LORD,1,0,0,0,0,0,,EMERY LORD,

290,PITTACUS,LORE,1,0,0,0,0,0,,PITTACUS LORE,

291,KATY,LOUTZENHISER,1,0,0,0,0,0,,KATY LOUTZENHISER,

292,LOIS,LOWRY,1,0,0,0,0,0,,LOIS LOWRY,

293,MARIE,LU,0,0,1,0,0,0,,MARIE LU,

294,BARRY,LYGA,1,0,0,0,0,0,,BARRY LYGA,

295,JENNIFER H,LYNE,1,0,0,0,0,0,,JENNIFER H LYNE,

296,SARAH,LYU,0,0,0,0,0,1,,SARAH LYU,

297,SARAH J,MAAS,1,0,0,0,0,0,,SARAH J MAAS,

298,CARRIE,MAC,0,0,0,0,0,1,,CARRIE MAC,

299,TAHEREH,MAFI,0,1,0,0,0,0,,TAHEREH MAFI,

300,GREGORY,MAGUIRE,0,0,0,0,0,1,,GREGORY MAGUIRE,

301,MELINA,MARCHETTA,1,0,0,0,0,0,,MELINA MARCHETTA,

302,MELISSA,MARR,1,0,0,0,0,0,,MELISSA MARR,

303,ZOE,MARRIOTT,1,0,0,0,0,0,,ZOE MARRIOTT,

304,KATHERINE,MARSH,1,0,0,0,0,0,,KATHERINE MARSH,

305,JESSICA,MARTINEZ,1,0,0,0,0,0,,JESSICA MARTINEZ,

306,JENNIFER,MASON BLACK,1,0,0,0,0,0,,JENNIFER MASON BLACK,

307,TARAN,MATHARU,0,0,0,0,0,0,,TARAN MATHARU,

308,HARRY,MAZER,1,0,0,0,0,0,,HARRY MAZER,

309,HARRY,LERANGIS,1,0,0,0,0,0,,HARRY LERANGIS,

310,LISH,MCBRIDE,1,0,0,0,0,0,,LISH MCBRIDE,

311,MEGAN,MCCAFFERTY,1,0,0,0,0,0,,MEGAN MCCAFFERTY,

312,GUADALUPE GARCIA,MCCALL,0,1,1,0,0,0,,GUADALUPE GARCIA MCCALL,

313,CORY,MCCARTHY,0,0,0,0,0,0,,CORY MCCARTHY,3

314,GERALDINE,MCCAUGHREAN,1,0,0,0,0,0,,GERALDINE MCCAUGHREAN,

315,PATRICIA,MCCORMICK,1,0,0,0,0,0,,PATRICIA MCCORMICK,

316,MARY,MCCOY,1,0,0,0,0,0,,MARY MCCOY,

317,JOY,MCCULLOUGH,1,0,0,0,0,0,,JOY MCCULLOUGH,

318,GREGORY,MCDONALD,1,0,0,0,0,0,,GREGORY MCDONALD,

319,NICK,MCDONELL,1,0,0,0,0,0,,NICK MCDONELL,

320,MINDY,MCGINNIS,1,0,0,0,0,0,,MINDY MCGINNIS,

321,SARAH,MCGUIRE,1,0,0,0,0,0,,SARAH MCGUIRE,

322,ANNA MARIE,MCLEMORE,0,0,0,0,0,1,,ANNA MARIE MCLEMORE,3

323,LISA,MCMANN,1,0,0,0,0,0,,LISA MCMANN,

324,KAREN M,MCMANUS,1,0,0,0,0,0,,KAREN M MCMANUS,

325,GRAHAM,MCNAMEE,1,0,0,0,0,0,,GRAHAM MCNAMEE,

326,TOM,MCNEAL,1,0,0,0,0,0,,TOM MCNEAL,

327,GRETCHEN,MCNEIL,1,0,0,0,0,0,,GRETCHEN MCNEIL,

328,RICHELLE,MEAD,1,0,0,0,0,0,,RICHELLE MEAD,

329,MEG,MEDINA,0,1,0,0,0,0,,MEG MEDINA,

330,O R,MELLING,1,0,1,0,0,0,,O R MELLING,

331,SANDHYA,MENON,0,1,1,0,0,0,,SANDHYA MENON,

332,ROLAND,MERULLO,1,0,0,0,0,0,,ROLAND MERULLO,

333,CAROLYN,MEYER,1,0,0,0,0,0,,CAROLYN MEYER,

334,JOANNA RUTH,MEYER,1,0,0,0,0,0,,JOANNA RUTH MEYER,

335,L A,MEYER,1,0,0,0,0,0,,L A MEYER,

336,MARISSA,MEYER,1,0,0,0,0,0,,MARISSA MEYER,

337,STEPHENIE,MEYER,1,0,0,0,0,0,,STEPHENIE MEYER,

338,RUNE,MICHAELS,1,0,0,0,0,0,,RUNE MICHAELS,

339,CHINA,MIEVILLE,1,0,0,0,0,0,,CHINA MIEVILLE,

340,ALEXANDRA,MONIR,0,1,0,0,0,0,,ALEXANDRA MONIR,

341,L M,MONTGOMERY,1,0,0,0,0,0,,L M MONTGOMERY,

342,SARAH,MOON,0,0,0,0,0,1,,SARAH MOON,

343,PETER,MOORE,1,0,0,0,0,0,,PETER MOORE,

344,KATY,MORAN,1,0,0,0,0,0,,KATY MORAN,

345,ERIN,MORGENSTERN,1,0,0,0,0,0,,ERIN MORGENSTERN,

346,LAUREN,MORRILL,1,0,0,0,0,0,,LAUREN MORRILL,

347,BRITTNEY,MORRIS,0,1,0,0,0,0,,BRITTNEY MORRIS,

348,JULIE,MURPHY,0,0,0,0,0,1,,JULIE MURPHY,

349,WALTER DEAN,MYERS,0,1,0,0,0,0,,WALTER DEAN MYERS,

350,LAUREN,MYRACLE,1,0,0,0,0,0,,LAUREN MYRACLE,

351,JEN,NADOL,1,0,0,0,0,0,,JEN NADOL,

352,DONNA JO,NAPOLI,1,0,0,0,0,0,,DONNA JO NAPOLI,

353,PHYLLIS REYNOLDS,NAYLOR,1,0,0,0,0,0,,PHYLLIS REYNOLDS NAYLOR,

354,ABDI,NAZEMIAN,0,1,1,0,0,1,,ABDI NAZEMIAN,

355,JANDY,NELSON,1,0,0,0,0,0,,JANDY NELSON,

356,VAUNDA MICHEAUX,NELSON,0,1,0,0,0,0,,VAUNDA MICHEAUX NELSON,

357,PATRICK,NESS,0,0,1,0,0,1,,PATRICK NESS,

358,CELESTE,NG,0,1,0,0,0,0,,CELESTE NG,

359,NATASHA,NGAN,0,1,0,0,1,1,,NATASHA NGAN,

360,JENNIFER,NIVEN,1,0,0,0,0,0,,JENNIFER NIVEN,

361,GARTH,NIX,1,0,0,0,0,0,,GARTH NIX,

362,ALYSON,NOEL,1,0,0,0,0,0,,ALYSON NOEL,

363,RYAN,NORTH,1,0,0,0,0,0,,RYAN NORTH,

364,NAOMI,NOVIK,1,0,0,0,0,0,,NAOMI NOVIK,

365,MALLA,NUNN,0,0,0,0,0,0,,MALLA NUNN,

366,DANIEL JOSE,OLDER,0,0,0,0,0,0,,DANIEL JOSE OLDER,

367,LAUREN,OLIVER,1,0,0,0,0,0,,LAUREN OLIVER,

368,LOUISE,ONEILL,1,0,0,0,0,0,,LOUISE ONEILL,

369,KENNETH,OPPEL,1,0,0,0,0,0,,KENNETH OPPEL,

370,MARK,OSHIRO,0,1,0,0,0,1,,MARK OSHIRO,3

371,DANIELLE,PAIGE,0,0,0,0,0,0,,DANIELLE PAIGE,

372,ROBIN,PALMER,1,0,0,0,0,0,,ROBIN PALMER,

373,CHRISTOPHER,PAOLINI,1,0,0,0,0,0,,CHRISTOPHER PAOLINI,

374,SONIA,PATEL,0,1,0,0,0,0,,SONIA PATEL,

375,JAMES,PATTERSON,1,0,0,0,0,0,,JAMES PATTERSON,

376,EDITH,PATTOU,1,0,0,0,0,0,,EDITH PATTOU,

377,JACKSON,PEARCE,1,0,0,0,0,0,,JACKSON PEARCE,

378,RICHARD,PECK,0,0,0,0,0,1,,RICHARD PECK,

379,LYNNE RAE,PERKINS,1,0,0,0,0,0,,LYNNE RAE PERKINS,

380,STEPHANIE,PERKINS,1,0,0,0,0,0,,STEPHANIE PERKINS,

381,MARISHA,PESSL,1,0,0,0,0,0,,MARISHA PESSL,

382,PETER,COCKS,1,0,0,0,0,0,,PETER COCKS,

383,MARK,BILLINGHAM,1,0,0,0,0,0,,MARK BILLINGHAM,

384,JUNAUDA,PETRUS,0,1,0,0,0,0,,JUNAUDA PETRUS,

385,HEATHER,PETTY,1,0,0,0,0,0,,HEATHER PETTY,

386,BEN,PHILIPPE,0,1,1,0,0,0,,BEN PHILIPPE,

387,JODI,PICOULT,1,0,0,0,0,0,,JODI PICOULT,

388,TAMORA,PIERCE,1,0,0,0,0,0,,TAMORA PIERCE,

389,APRILYNNE,PIKE,1,0,0,0,0,0,,APRILYNNE PIKE,

390,RORY,POWER,1,0,0,0,0,0,,RORY POWER,

391,TERRY,PRATCHETT,1,0,0,0,0,0,,TERRY PRATCHETT,

392,CHARLIE,PRICE,1,0,0,0,0,0,,CHARLIE PRICE,

393,CHERIE,PRIEST,1,0,0,0,0,0,,CHERIE PRIEST,

394,YVONNE,PRINZ,1,0,1,0,0,0,,YVONNE PRINZ,

395,FRANCINE,PROSE,1,0,0,0,0,0,,FRANCINE PROSE,

396,ANNE,PROVOOST,1,0,0,0,0,0,,ANNE PROVOOST,

397,PHILIP,PULLMAN,1,0,0,0,0,0,,PHILIP PULLMAN,

398,MATTHEW,QUICK,1,0,0,0,0,0,,MATTHEW QUICK,

399,ISABEL,QUINTERO,0,0,0,0,0,0,,ISABEL QUINTERO,

400,RILEY,REDGATE,0,0,0,0,0,0,,RILEY REDGATE,

401,AMY LYNN,REED,1,1,0,0,0,1,,AMY LYNN REED,

402,DANA,REINHARDT,1,0,0,0,0,0,,DANA REINHARDT,

403,BETH,REVIS,1,0,0,0,0,0,,BETH REVIS,

404,JASON,REYNOLDS,1,1,0,0,0,0,,JASON REYNOLDS,

405,MORGAN,RHODES,1,0,0,0,0,0,,MORGAN RHODES,

406,RANDY,RIBAY,0,1,1,0,0,0,,RANDY RIBAY,

407,NATALIE D,RICHARDS,1,0,0,0,0,0,,NATALIE D RICHARDS,

408,RANSOM,RIGGS,1,0,0,0,0,0,,RANSOM RIGGS,

409,ANN,RINALDI,1,0,0,0,0,0,,ANN RINALDI,

410,FARAH NAZ,RISHI,0,0,0,0,0,0,,FARAH NAZ RISHI,

411,WILLIAM,RITTER,1,0,0,0,0,0,,WILLIAM RITTER,

412,GABBY,RIVERA,0,1,0,0,0,0,,GABBY RIVERA,

413,SERENA,ROBAR,1,0,0,0,0,0,,SERENA ROBAR,

414,WILLO DAVIS,ROBERTS,1,0,0,0,0,0,,WILLO DAVIS ROBERTS,

415,MARGARET,ROGERSON,1,0,0,0,0,0,,MARGARET ROGERSON,

416,VERONICA,ROTH,1,0,0,0,0,0,,VERONICA ROTH,

417,RAINBOW,ROWELL,1,0,0,0,0,0,,RAINBOW ROWELL,

418,J K,ROWLING,1,0,0,0,0,0,,J K ROWLING,

419,LANCE,RUBIN,1,0,0,0,0,0,,LANCE RUBIN,

420,LAURA,RUBY,1,0,0,0,0,0,,LAURA RUBY,

421,MEREDITH,RUSSO,0,1,0,0,0,0,,MEREDITH RUSSO,

422,AISHA,SAEED,0,1,0,0,0,0,,AISHA SAEED,

423,BENJAMIN ALIRE,SAENZ,0,1,0,0,0,1,,BENJAMIN ALIRE SAENZ,

424,LEILA,SALES,1,0,0,0,0,0,,LEILA SALES,

425,ERIKA L,SANCHEZ,0,1,0,0,0,0,,ERIKA L SANCHEZ,

426,LISA ANN,SANDELL,1,0,0,0,0,0,,LISA ANN SANDELL,

427,BRANDON,SANDERSON,1,0,0,0,0,0,,BRANDON SANDERSON,

428,KIM,SAVAGE,1,0,0,0,0,0,,KIM SAVAGE,

429,GAVRIEL,SAVIT,1,1,0,0,0,0,,GAVRIEL SAVIT,

430,SARAH ELIZABETH,SCHANTZ,1,0,0,0,0,0,,SARAH ELIZABETH SCHANTZ,

431,LAURA AMY,SCHLITZ,1,0,0,0,0,0,,LAURA AMY SCHLITZ,

432,ROBYN,SCHNEIDER,0,0,0,0,0,1,,ROBYN SCHNEIDER,

433,ELIOT,SCHREFER,0,0,0,0,0,1,,ELIOT SCHREFER,

434,ELIZABETH,SCOTT,1,0,0,0,1,0,,ELIZABETH SCOTT,

435,MARCUS,SEDGWICK,1,0,0,0,0,0,,MARCUS SEDGWICK,

436,JULIAN,SEDGWICK,1,0,0,0,0,0,,JULIAN SEDGWICK,

437,MARIA,SEMPLE,1,0,1,0,0,0,,MARIA SEMPLE,

438,RUTA,SEPETYS,1,0,0,0,0,0,,RUTA SEPETYS,

439,ILYASAH,SHABAZZ,0,0,0,0,0,0,,ILYASAH SHABAZZ,

440,KEKLA,MAGOON,0,0,0,0,0,0,,KEKLA MAGOON,

441,LONDON,SHAH,0,1,0,0,0,0,,LONDON SHAH,

442,NISHA,SHARMA,0,1,0,0,0,0,,NISHA SHARMA,

443,TESS,SHARPE,0,0,0,0,0,1,,TESS SHARPE,

444,TUCKER,SHAW,0,0,0,0,0,1,,TUCKER SHAW,

445,DYAN,SHELDON,1,0,1,0,0,0,,DYAN SHELDON,

446,GENA,SHOWALTER,1,0,0,0,0,0,,GENA SHOWALTER,

447,NEAL,SHUSTERMAN,1,0,0,0,0,0,,NEAL SHUSTERMAN,

448,ADAM,SILVERA,0,1,0,0,0,1,,ADAM SILVERA,

449,LAURA,SILVERMAN,1,0,0,0,0,1,,LAURA SILVERMAN,

450,CRAIG,SILVEY,1,0,0,0,0,0,,CRAIG SILVEY,

451,KRISTEN,SIMMONS,0,0,0,0,0,0,,KRISTEN SIMMONS,

452,JON,SKOVRON,0,0,0,0,0,1,,JON SKOVRON,3

453,EVELYN,SKYE,0,0,0,0,0,0,,EVELYN SKYE,

454,HOLLY GOLDBERG,SLOAN,1,0,0,0,0,0,,HOLLY GOLDBERG SLOAN,

455,ANDREW,SMITH,1,0,0,0,0,0,,ANDREW SMITH,

456,CYNTHIA LEITICH,SMITH,0,1,0,0,0,0,,CYNTHIA LEITICH SMITH,

457,GREG LEITICH,SMITH,0,0,0,0,0,0,,GREG LEITICH SMITH,

458,HILARY T,SMITH,0,0,0,1,0,0,,HILARY T SMITH,

459,JENNIFER E,SMITH,1,0,0,0,0,0,,JENNIFER E SMITH,

460,SHERRI L,SMITH,0,1,0,0,0,0,,SHERRI L SMITH,

461,SHERWOOD,SMITH,1,0,0,0,0,0,,SHERWOOD SMITH,

462,TYLER JAMES,SMITH,1,0,0,0,0,0,,TYLER JAMES SMITH,

463,SONYA,SONES,1,0,0,0,0,0,,SONYA SONES,

464,JORDAN,SONNENBLICK,1,0,0,0,0,0,,JORDAN SONNENBLICK,

465,DESTINY,SORIA,0,0,0,0,0,0,,DESTINY SORIA,

466,JERRY,SPINELLI,1,0,0,0,0,0,,JERRY SPINELLI,

467,MEAGAN,SPOONER,1,0,0,0,0,0,,MEAGAN SPOONER,

468,VESPER,STAMPER,1,0,1,0,0,0,,VESPER STAMPER,

469,SUZANNE FISHER,STAPLES,1,0,0,0,0,0,,SUZANNE FISHER STAPLES,

470,MAGGIE,STIEFVATER,1,0,0,0,0,0,,MAGGIE STIEFVATER,

471,R L,STINE,1,0,0,0,0,0,,R L STINE,

472,MARGARET,STOHL,1,0,0,0,0,0,,MARGARET STOHL,

473,LAURIE FARIA,STOLARZ,1,0,0,0,0,0,,LAURIE FARIA STOLARZ,

474,NIC,STONE,0,1,0,0,0,0,,NIC STONE,

475,TAMARA IRELAND,STONE,1,0,1,0,0,0,,TAMARA IRELAND STONE,

476,TODD,STRASSER,1,0,0,0,0,0,,TODD STRASSER,

477,ALLAN,STRATTON,1,0,0,0,0,0,,ALLAN STRATTON,

478,NOVA REN,SUMA,1,0,0,0,0,0,,NOVA REN SUMA,

479,COURTNEY,SUMMERS,1,0,0,0,0,0,,COURTNEY SUMMERS,

480,SABAA,TAHIR,0,0,0,0,0,0,,SABAA TAHIR,

481,JANET,TAYLOR,1,0,0,0,0,0,,JANET TAYLOR,

482,LAINI,TAYLOR,1,0,0,0,0,0,,LAINI TAYLOR,

483,MICHELLE,TEA,0,0,0,0,0,1,,MICHELLE TEA,

484,JANNE,TELLER,1,0,1,0,0,0,,JANNE TELLER,

485,AIDEN,THOMAS,0,1,0,0,0,1,,AIDEN THOMAS,3

486,ANGIE,THOMAS,0,1,0,0,0,0,,ANGIE THOMAS,

487,KARA,THOMAS,1,0,0,0,0,0,,KARA THOMAS,

488,LEAH,THOMAS,0,0,0,0,0,1,,LEAH THOMAS,

489,LEX,HRABE,1,0,0,0,0,0,,LEX HRABE,

490,THOMAS,VOORHIES,1,0,0,0,0,0,,THOMAS VOORHIES,

491,ROSIEE,THOR,0,1,0,0,0,1,,ROSIEE THOR,3

492,MAXINE,TROTTIER,1,0,0,0,0,0,,MAXINE TROTTIER,

493,MEGAN WHALEN,TURNER,1,0,0,0,0,0,,MEGAN WHALEN TURNER,

494,NAHOKO,UEHASHI,0,1,0,0,0,0,,NAHOKO UEHASHI,

495,WENDELIN,VAN DRAANEN,1,0,0,0,0,0,,WENDELIN VAN DRAANEN,

496,NED,VIZZINI,0,0,0,1,0,0,,NED VIZZINI,

497,RYSA,WALKER,1,0,0,0,0,0,,RYSA WALKER,

498,BECKY,WALLACE,1,0,0,0,0,0,,BECKY WALLACE,

499,KALI,WALLACE,1,0,0,0,0,0,,KALI WALLACE,

500,TOMMY,WALLACH,1,0,0,0,0,0,,TOMMY WALLACH,

501,SHARON BIGGS,WALLER,1,0,0,0,0,0,,SHARON BIGGS WALLER,

502,LESLYE J,WALTON,1,0,0,0,0,0,,LESLYE J WALTON,

503,JASMINE,WARGA,1,0,0,0,0,0,,JASMINE WARGA,

504,KATE,WATSON,1,0,1,0,0,0,,KATE WATSON,

505,RENEE,WATSON,0,0,0,0,0,0,,RENEE WATSON,

506,L A,WEATHERLY,1,0,0,0,0,0,,L A WEATHERLY,

507,JAKOB,WEGELIUS,1,0,0,0,0,0,,JAKOB WEGELIUS,

508,ELIZABETH,WEIN,1,0,0,0,0,0,,ELIZABETH WEIN,

509,LYNN,WEINGARTEN,1,0,0,0,0,0,,LYNN WEINGARTEN,

510,JENNA EVANS,WELCH,1,0,0,0,0,0,,JENNA EVANS WELCH,

511,NANCY,WERLIN,1,0,0,0,0,0,,NANCY WERLIN,

512,KASIE,WEST,1,0,0,0,0,0,,KASIE WEST,

513,SCOTT,WESTERFELD,1,0,0,0,0,0,,SCOTT WESTERFELD,

514,JOHN COREY,WHALEY,0,0,0,0,0,0,,JOHN COREY WHALEY,

515,KIERSTEN,WHITE,1,0,0,0,0,0,,KIERSTEN WHITE,

516,DEBORAH,WILES,1,0,0,0,0,0,,DEBORAH WILES,

517,LISA,WILLIAMSON,1,0,0,0,0,0,,LISA WILLIAMSON,

518,MICHAEL,WINERIP,1,0,0,0,0,0,,MICHAEL WINERIP,

519,CAT,WINTERS,1,0,0,0,0,0,,CAT WINTERS,

520,ELLEN,WITTLINGER,1,0,0,0,0,0,,ELLEN WITTLINGER,

521,VIRGINIA EUWER,WOLFF,1,0,0,0,0,0,,VIRGINIA EUWER WOLFF,

522,MEG,WOLITZER,1,0,0,0,0,0,,MEG WOLITZER,

523,CHRIS,WOODING,1,0,0,0,0,0,,CHRIS WOODING,

524,DARCY,WOODS,1,0,0,0,0,0,,DARCY WOODS,

525,JACQUELINE,WOODSON,0,1,0,0,0,0,,JACQUELINE WOODSON,

526,TIM,WYNNE JONES,0,0,0,0,0,0,,TIM WYNNE JONES,

527,RICK,YANCEY,1,0,0,0,0,0,,RICK YANCEY,

528,ALEX,YATES,1,0,0,0,0,0,,ALEX YATES,

529,JANE,YOLEN,1,0,0,0,0,0,,JANE YOLEN,

530,NICOLA,YOON,0,0,1,0,0,0,,NICOLA YOON,

531,MOIRA,YOUNG,1,0,0,0,0,0,,MOIRA YOUNG,

532,SHANA,YOUNGDAHL,0,0,0,0,0,0,,SHANA YOUNGDAHL,

533,FRANCESCA,ZAPPIA,1,0,0,0,0,0,,FRANCESCA ZAPPIA,

534,SARA,ZARR,1,0,0,0,0,0,,SARA ZARR,

535,JEFF,ZENTNER,1,0,0,0,0,0,,JEFF ZENTNER,

536,GABRIELLE,ZEVIN,1,0,0,0,0,0,,GABRIELLE ZEVIN,

537,DAVID,ZIMMERMAN,1,0,0,0,0,0,,DAVID ZIMMERMAN,

538,IBI AANU,ZOBOI,0,1,1,0,0,0,,IBI AANU ZOBOI,

539,YUSEF,SALAAM,0,1,1,0,0,0,,YUSEF SALAAM,

540,MARKUS,ZUSAK,1,0,0,0,0,0,,MARKUS ZUSAK,

541,unknown,unknown,0,0,0,0,0,0,,unknown unknown,

542,HOLLY ,BLACK,0,0,0,0,0,0,,HOLLY  BLACK,

543,JUSTINE,LARBALESTIER,0,0,0,0,0,0,,JUSTINE LARBALESTIER,

