1,A LAND OF PERMANENT GOODBYES,0,1,0,0,,1

2,THE BRIDESMAID,0,0,0,0,,1

3,THE FEVER,0,0,0,0,I couldn't find this book in the YA section although the catalogue says it's available.,1

4,DOES MY HEAD LOOK BIG IN THIS,0,1,0,0,,1

5,THE LINES WE CROSS,0,0,0,0,"This book is told in two perspectives by two main characters: one of the main characters is white, the other is a refugee from Afghanistan. ",1

6,REALITY CHECK,0,0,0,0,Main character's race is unspecified ,1

7,WITH THE FIRE ON HIGH,0,0,0,0,Main character is a teen mother and doesn't have a mother. Is instead raised by her grandmother,1

8,HOW I PAID FOR COLLEGE,0,0,0,0,Main character's race is unspecified,1

9,CHILDREN OF BLOOD AND BONE,0,0,0,0,,1

10,CHILDREN OF VIRTUE AND VENGEANCE,0,0,0,0,,1

11,LEAH ON THE OFFBEAT,0,0,0,0,The author is Jewish.,1

12,SIMON VS THE HOMO SAPIENS AGENDA,0,0,0,0,,1

13,UPSIDE OF UNREQUITED,0,0,0,0,Main character's race is unspecified.,1

14,WHAT IF ITS US,1,0,0,0,This book is told in two perspectives:  one of the main characters is white and Jewish. The other main character is Puerto Rican. Both main characters are LGBTQI.,1

15,ALTERED,0,0,0,0,,1

16,CREWEL,0,0,0,0,,1

17,UNRAVELED,0,0,0,0,,1

18,THE ABSOLUTELY TRUE DIARY OF A PART TIME INDIAN,0,0,0,0,Main character has brain damage from mother's alcohol abuse and experiences racism when transferring to an all-white school.,1

19,GOTTA GET SOME BISH BASH BOSH,0,0,0,0,This book is written by a Mother-Son writing team. Eleanor Allen and Max Allen.,1

20,A SONG FOR ELLA GREY,0,1,0,0,,1

21,THE TIGHTROPE WALKERS,0,1,0,0,,1

22,MIDNIGHT AT THE ELECTRIC,0,0,0,0,"This book follows three different characters in three different settings ï¿½ one of the settings is the future, one of them is the Dust Bowl, and the last one is Post WWI England. ",1

23,SPEAK,0,0,0,0,,1

24,THE IMPOSSIBLE KNIFE OF MEMORY,0,0,0,0,This book describes the life of a high schooler whos father is struggling with PTSD and substance abuse. ,1

25,WINTERGIRLS,0,0,0,0,This book tells the story of a high school girl who suffered from an eating disorder that killed her best friend.,1

26,FEED,0,0,0,0,This is a dystopian novel about a young boy who takes advantage of his freedoms and lives life rather carelessly before having an accident that sends him to a hospital with nothing but his own thoughts to accompany him,1

27,LANDSCAPE WITH INVISIBLE HAND,0,0,0,0,This is a novel about a boy named adam who makes vlogs with his girlfriend for an audience of aliens.,1

28,ME AND EARL AND THE DYING GIRL,0,0,0,0,,1

29,DUELS & DECEPTION,0,1,0,0,Main character's race is unspecified and it seems that it is set in Great Britain ,1

30,SEA OF SHADOWS,0,0,0,0,"Main character's race is unspecified, location is unspecified ",1

31,THE CALLING,0,1,0,0,Set in Canada,1

32,THE GATHERING,0,1,0,0,Race unspecififed,1

33,THE RISING,0,0,0,0,Part of a seris ,1

34,ONYX & IVORY,0,0,0,0,,1

35,THE NIGHTMARE AFFAIR,0,0,0,0,This book is about a girl with magical ablilities ,1

36,THE NIGHTMARE DILEMMA,0,0,0,0,,1

37,MOSQUITOLAND,0,0,0,0,,1

38,RED HOOD,0,0,0,0,,1

39,WHAT GIRLS ARE MADE OF,0,0,0,0,,1

40,THE FUTURE OF US,0,0,0,0,,1

41,THIRTEEN REASONS WHY,0,0,0,0,,1

42,WHAT LIGHT,0,0,0,0,,1

43,WHEN JEFF COMES HOME,0,0,0,0,,1

44,THE BLACK FLAMINGO,1,1,1,0,"The book is set in London. The main character is biracial, Greek Cypriot and Jamaican, as is the author.",1

45,CHASING SHADOWS,0,0,0,0,"Author is an immigrant from India. POV is split between two main characters, a white cisgender girl and a cisgender girl with Indian heritage. ",1

46,CRUEL CROWN,0,0,0,0,"Both main characters are female, racial identity is unspecified.",1

47,GLASS SWORD,0,0,0,0,"Main character is female, racial identity is unspecified.",1

48,KINGS CAGE,0,0,0,0,"Main character is female, racial identity is unspecified.",1

49,RED QUEEN,0,0,0,0,"Main character is female, racial identity is unspecified. Mix of fantasy and dystopian",1

50,BURN,0,0,0,0,"Main character is male, racial identity is unspecified.",1

51,FUSE,0,0,0,0,"Main character is male, racial identity is unspecified.",1

52,PURE,0,0,0,0,"Main character is male, racial identity is unspecified.",1

53,ALIVE,0,0,0,0,"Main character is female, racial identity is unspecified ",1

54,OF NEPTUNE,0,0,0,0,,1

55,OF TRITON,0,0,0,0,,1

56,THE BIRD AND THE BLADE,0,1,0,0,Historical fiction about the Kipchak Khanate and the Mongol Empire.,1

57,CROOKED KINGDOM,0,0,0,0,"Main Character is male, racial identity is not specified ",1

58,RUIN AND RISING,0,0,0,0,"Main character is male, racial identity is not specified ",1

59,SHADOW AND BONE,0,0,0,0,"Main character is male, racial identity is not specified ",1

60,SIX OF CROWS,0,0,0,0,"Main character is male, racial identity is not specified ",1

61,WONDER SHOW,0,1,0,0,"Main charcter female, racial indentity is unspecified ",1

62,LITTLE WHITE LIES,0,0,0,0,"Main character is female, racial identity is unspecified.",1

63,CHARLOTTE CUTS IT OUT,0,0,0,0,"Main character is female, racial identity is unspecified. Main character is studying in a skilled trade. ",1

64,"GIRL, SERPENT THORN",0,0,0,0,Lead and author are both Persian.,1

65,THE TRUTH ABOUT MY BAT MITZVAH,0,0,0,0,,1

66,GIL MARSH,0,1,0,0,Main character's race is unspecified,1

67,BACKWATER,0,0,0,0,,1

68,THWONK,0,0,0,0,,1

69,I AM J,0,0,0,0,Main character's race is unspecified.,1

70,FAR FROM THE TREE,0,0,0,0,Main character's race is unspecified.,1

71,LOVELY WAR,0,1,0,0,"The book has four main characters, one who is white, two whose races are unspecified, and one who is black",1

72,THE PASSION OF DOLSSA,0,1,0,0,The book has two main characters who are both white. It is set in Spain/France in the 1200s. ,1

73,THE SIN EATERS CONFESSION,0,0,0,0,The book has two main characters who both have unspecified races. one identifies as gay and the other's sexuality is unclear.,1

74,DOLL BONES,0,0,0,0,,1

75,THE COLDEST GIRL IN COLDTOWN,0,1,0,0,The book is set in a world after a vampire epidemic has spiraled out of control. Main character's race is unspecified.,1

76,THE DARKEST PART OF THE FOREST,0,0,0,0,"Female protagonist, although there are several LGBTQ characters in the story.",1

77,WHITE CAT,0,0,0,0,,1

78,THREE DARK CROWNS,0,0,0,0,Main character's race is unspecified.,1

79,CHEROKEE BAT AND THE GOAT GUYS,0,0,0,0,,1

80,LOVE IN THE TIME OF GLOBAL WARMING,0,0,0,0,,1

81,MISSING ANGEL JUAN,0,0,0,0,Main character's race is unspecified. ,1

82,WEETZIE BAT,0,0,0,0,Main character's race is unspecified. ,1

83,FOREVER,0,0,0,0,,1

84,WITCH HUNTER,0,0,0,0,Main character's race is unspecified. ,1

85,DOUBLE DOWN,0,0,0,0,,1

86,FALLOUT,0,0,0,0,,1

87,LOIS LANE,0,0,0,0,,1

88,FIREKEEPERS DAUGHTER,0,0,0,0,,1

89,STARFISH,0,0,0,0,,1

90,PASSENGER,0,0,0,0,,1

91,WAYFARER,0,0,0,0,,1

92,SOMETHING WICKED THIS WAY COMES,0,0,0,0,,1

93,YOUNG SAMURAI,0,1,0,0,,1

94,CITRUS COUNTY,0,0,0,0,,1

95,GIRLS IN PANTS,0,0,0,0,,1

96,THE HERE AND NOW,0,0,0,0,,1

97,THE SECOND SUMMER OF THE SISTERHOOD,0,0,0,0,,1

98,THE SISTERHOOD OF THE TRAVELING PANTS,0,0,0,0,,1

99,A GREAT AND TERRIBLE BEAUTY,0,0,0,0,,1

100,BEAUTY QUEENS,0,0,0,0,,1

101,GOING BOVINE,0,0,0,0,Main character's race is unspecified.,1

102,LAIR OF DREAMS,0,0,0,0,Main character's race is unspecified.,1

103,REBEL ANGELS,0,0,0,0,,1

104,THE DIVINERS,0,0,0,0,Main character's race is unspecified.,1

105,THE SWEET FAR THING,0,0,0,0,,1

106,THE GAME OF LOVE AND DEATH,0,0,0,0,,1

107,THE BUNKER DIARY,0,0,0,0,,1

108,TRUE CONFESSIONS OF A HEARTLESS GIRL,0,1,0,0,,1

109,TELL THE WOLVES IM HOME,0,0,0,0,,1

110,THE PROPHECY OF THE STONES,0,0,0,0,Main character's race is unspecified.,1

111,LITTLE LORD FAUNTLEROY,0,0,0,0,,1

112,FURIES OF CALDERON,0,0,0,0,Main character's race is unspecified.,1

113,TELL ME THREE THINGS,0,0,0,0,,1

114,LOVE AND OTHER PERISHABLE ITEMS,0,0,0,0,Main character's race is unspecified.,1

115,ABANDON,0,0,0,0,,1

116,ALL AMERICAN GIRL,0,0,0,0,Main character's race is unspecified.,1

117,AWAKEN,0,0,0,0,,1

118,THE PRINCESS DIARIES,0,0,0,0,,1

119,UNDERWORLD,0,0,0,0,,1

120,HONOR AMONG THIEVES,0,0,0,0,Two Authors,1

121,"HONEY, BABY SWEETHEART",0,0,0,0,,1

122,THE LAST FOREVER,0,0,0,0,,1

123,WILD ROSES,0,0,0,0,,1

124,GATEFATHER,0,0,0,0,Main character's race is unspecified.,1

125,RUINS,0,0,0,0,Main character's race is unspecified.,1

126,THE GATE THIEF,0,0,0,0,,1

127,THE LOST GATE,0,0,0,0,,1

128,DIARY OF A TEENAGE GIRL,0,0,0,0,Main character's race is unspecified.,1

129,SUPER HUMAN,0,0,0,0,Main character's race is unspecified.,1

130,THE BITTER KINGDOM,0,0,0,0,,1

131,THE CROWN OF EMBERS,0,0,0,0,,1

132,THE GIRL OF FIRE AND THORNS,0,0,0,0,,1

133,BITTERBLUE,0,0,0,0,Main character's race is unspecified.,1

134,FIRE,0,0,0,0,Main character's race is unspecified.,1

135,GRACELING,0,0,0,0,Main character's race is unspecified.,1

136,THE ELITE,0,0,0,0,,1

137,THE ONE,0,0,0,0,,1

138,THE SELECTION,0,0,0,0,,1

139,AWAKENED,0,0,0,0,Has two Authors,1

140,BETRAYED,0,0,0,0,,1

141,BURNED,0,0,0,0,,1

142,CHOSEN,0,0,0,0,,1

143,DESTINED,0,0,0,0,,1

144,HUNTED,0,0,0,0,,1

145,MARKED,0,0,0,0,,1

146,REVEALED,0,0,0,0,,1

147,TEMPTED,0,0,0,0,,1

148,UNTAMED,0,0,0,0,,1

149,YOU LOOK DIFFERENT IN REAL LIFE,0,0,0,0,Main character's race is unspecified.,1

150,MUSE,0,0,0,0,,1

151,GRADUATION DAY,0,0,0,0,Main character's race is unspecified.,1

152,INDEPENDENT STUDY,0,0,0,0,Main character's race is unspecified.,1

153,THE TESTING,0,0,0,0,Main character's race is unspecified.,1

154,THE PERKS OF BEING A WALLFLOWER,0,0,0,0,,1

155,THE READER,0,0,0,0,,1

156,WICKED FOX,0,1,0,0,,1

157,YOLK,0,0,0,0,,1

158,AL CAPONE DOES MY SHIRTS,0,0,0,0,,1

159,STOLEN,0,1,0,0,Main character's race is unspecified.,1

160,SOLO LEVELING,0,0,0,0,,1

161,CITY OF ASHES,0,0,0,0,,1

162,CITY OF BONES,0,0,0,0,,1

163,CITY OF FALLEN ANGELS,0,0,0,0,,1

164,CITY OF GLASS,0,0,0,0,,1

165,CITY OF HEAVENLY FIRE,0,0,0,0,,1

166,CITY OF LOST SOULS,0,0,0,0,,1

167,CLOCKWORK ANGEL,0,0,0,0,,1

168,CLOCKWORK PRINCESS,0,0,0,0,,1

169,FIRE BRINGER,0,0,0,0,,1

170,SPIRIT AND DUST,0,0,0,0,,1

171,TEXAS GOTHIC,0,0,0,0,,1

172,ARMADA,0,0,0,0,,1

173,CROWNCHASERS,0,0,0,0,,1

174,NICK & NORAHS INFINITE PLAYLIST,0,0,0,0,,1

175,THE KINGDOM OF LITTLE WOUNDS,0,0,0,0,,1

176,LITTLE & LION,0,0,0,0,Main Character's Race in unspecified,1

177,POINTE,0,0,0,0,Main Character's Race in unspecified,1

178,POISON PRINCESS,0,0,0,0,Main Character's Race in unspecified,1

179,CATCHING FIRE,0,0,0,0,,1

180,MOCKINGJAY,0,0,0,0,,1

181,THE HUNGER GAMES,0,0,0,0,,1

182,CROSSED,0,0,0,0,,1

183,MATCHED,0,0,0,0,,1

184,REACHED,0,0,0,0,,1

185,SUGGESTED READING,0,0,0,0,Main Character's Race in unspecified,1

186,THE BOOK OF LOST THINGS,0,0,0,0,,1

187,THE FACE ON THE MILK CARTON,0,0,0,0,,1

188,WHATEVER HAPPENED TO JANIE,0,0,0,0,,1

189,VANISHED,0,0,0,0,,1

190,LABYRINTH LOST,0,0,0,0,,1

191,"GOODBYE, REBEL BLUE",0,0,0,0,,1

192,THE CHOCOLATE WAR,0,0,0,0,,1

193,WHAT I HAD BEFORE I HAD YOU,0,0,0,0,Main character's race is unspecified,1

194,INKMISTRESS,0,0,0,0,,1

195,NATHAN AND ALEX,0,0,0,0,,1

196,AFTER THE SNOW,0,0,0,0,Main character's race is unspecified,1

197,BEAUTIFUL MUSIC FOR UGLY CHILDREN,0,0,0,0,,1

198,KILL ME SOFTLY,0,0,0,0,Main character's race is unspecified,1

199,TEAR YOU APART,0,0,0,0,Main character's race is unspecified,1

200,ONE,0,0,0,0,,1

201,AUDACITY,0,0,0,0,,1

202,GRAFFITI MOON,0,1,0,0,,1

203,CHINESE HANDCUFFS,0,0,0,0,,1

204,RUNNING LOOSE,0,0,0,0,,1

205,STAYING FAT FOR SARAH BYRNES,0,0,0,0,,1

206,WHALE TALK,0,0,0,0,"Lead is multiracial (Black, Japanese, and white). ",1

207,BOY ROBOT,0,0,0,0,,1

208,CROAK,0,0,0,0,,1

209,THE MISEDUCATION OF CAMERON POST,0,0,0,0,,1

210,DREADNOUGHT,0,0,0,0,,1

211,FOREST OF A THOUSAND LANTERNS,0,0,0,0,,1

212,THE DEATH CURE,0,0,0,0,,1

213,THE EYE OF MINDS,0,0,0,0,,1

214,THE GAME OF LIVES,0,0,0,0,,1

215,THE KILL ORDER,0,0,0,0,,1

216,THE MAZE RUNNER,0,0,0,0,,1

217,THE RULE OF THOUGHTS,0,0,0,0,,1

218,THE SCORCH TRIALS,0,0,0,0,,1

219,THE CLEARING,0,0,0,0,,1

220,"STRONGER, FASTER AND MORE BEAUTIFUL",0,0,0,0,,1

221,ALEX & ELIZA,0,0,0,0,,1

222,BLUE BLOODS,0,0,0,0,,1

223,MASQUERADE,0,0,0,0,,1

224,REVELATIONS,0,0,0,0,,1

225,THE VAN ALEN LEGACY,0,0,0,0,,1

226,I WISH YOU ALL THE BEST,0,0,0,0,,1

227,LOVE LETTERS TO THE DEAD,0,0,0,0,,1

228,TRUTHWITCH,0,0,0,0,,1

229,WINDWITCH,0,0,0,0,,1

230,ALONG FOR THE RIDE,0,0,0,0,,1

231,DREAMLAND,0,0,0,0,,1

232,JUST LISTEN,0,0,0,0,,1

233,LOCK AND KEY,0,0,0,0,,1

234,ONCE AND FOR ALL A NOVEL,0,0,0,0,,1

235,SAINT ANYTHING,0,0,0,0,,1

236,SOMEONE LIKE YOU,0,0,0,0,,1

237,THAT SUMMER,0,0,0,0,,1

238,THE MOON AND MORE,0,0,0,0,,1

239,THE TRUTH ABOUT FOREVER,0,0,0,0,,1

240,THIS LULLABY,0,0,0,0,,1

241,WHAT HAPPENED TO GOODBYE,0,0,0,0,,1

242,THE SILENCED,0,0,0,0,"I couldn't find any information on if race is present in the text, and one cover of a book had a white face and another had black girl on the cover, so I didn't mark anything for race of character.",1

243,TELL ME SOMETHING REAL,0,1,0,0,,1

244,SOMEDAY WE WILL FLY,0,1,0,0,Ownvoices is because author is Jewish writing about Jewish refugee family.,1

245,THE MARROW THIEVES,0,0,0,0,,1

246,A NORTHERN LIGHT,0,0,0,0,,1

247,REVOLUTION,0,1,0,0,,1

248,STEPSISTER,0,1,0,0,,1

249,FELL OF DARK,0,0,0,0,,1

250,THE GREAT ADVENTURES OF SHERLOCK HOLMES,0,0,0,0,,1

251,A WIZARD ABROAD,0,1,0,0,,1

252,DEEP WIZARDRY,0,0,0,0,,1

253,HIGH WIZARDRY,0,0,0,0,,1

254,SO YOU WANT TO BE A WIZARD,0,0,0,0,,1

255,HOT DOG GIRL,0,0,0,0,,1

256,WICKED SAINTS,0,0,0,0,,1

257,ON THE EDGE OF GONE,0,1,0,0,Author and protagonist are both austistic.,1

258,IN MEMORY OF JUNIOR,0,0,0,0,,1

259,BULL,0,1,1,0,,1

260,VOICES,0,1,1,0,,1

261,COURT OF FIVES,0,0,0,0,Character identifies as biracial but because it's fantasy races aren't real world matches,1

262,HAMILTON AND PEGGY,0,0,0,0,,1

263,PET,0,0,0,0,Author is nonbinary and protagonist is a trans girl.,1

264,MOMO,0,0,0,0,,1

265,THE DISASTERS,0,0,0,0,,1

266,LITTLE WOMEN,0,0,0,0,Adaptation of Alcott novel,1

267,TAKE A BOW,0,0,0,0,,1

268,THE JEWEL,0,0,0,0,,1

269,WE HUNT THE FLAME,0,0,0,0,,1

270,BLOOD SCION,0,0,0,0,,1

271,PLAYLIST FOR THE DEAD,0,0,0,0,,1

272,OVERBOARD,0,0,0,0,,1

273,GOOD BRAIDER,0,1,0,0,,1

274,"THE EAR, THE EYE AND THE ARM",0,0,0,0,,1

275,THE HOUSE OF THE SCORPION,0,0,0,0,,1

276,THE GREAT AMERICAN WHATEVER,0,0,0,0,,1

277,"LOVE AMONG THE WALNUTS, OR HOW I SAVED MY FAMILY FROM BEING POISONED",0,0,0,0,,1

278,OF SOUND MIND,0,0,0,0,,1

279,INCARCERON,0,0,0,0,,1

280,SAPPHIQUE,0,0,0,0,,1

281,THE DOOR IN THE MOON,0,0,0,0,,1

282,THE OBSIDIAN MIRROR,0,0,0,0,,1

283,THE SLANTED WORLDS,0,0,0,0,,1

284,THE SPEED OF DARKNESS,0,0,0,0,,1

285,CRESCENDO,0,0,0,0,,1

286,MY LIFE NEXT DOOR,0,0,0,0,,1

287,WHAT I THOUGHT WAS TRUE,0,0,0,0,,1

288,SEEDFOLKS,0,0,0,0,Collection of stories from a neighborhood with various narrators/leads,1

289,SEEK,0,0,0,0,,1

290,THE CARNIVAL AT BRAY,0,1,0,0,,1

291,I WAS HERE,0,0,0,0,,1

292,IF I STAY,0,0,0,0,,1

293,JUST ONE DAY,0,1,0,0,,1

294,JUST ONE YEAR,0,1,0,0,,1

295,WHERE SHE WENT,0,0,0,0,,1

296,THE JANE AUSTEN BOOK CLUB,0,0,0,0,,1

297,RUSH,0,0,0,0,,1

298,SPIRITS PRINCESS,0,0,0,0,,1

299,THE HUNT,0,0,0,0,,1

300,THE PREY,0,0,0,0,,1

301,THE TRAP,0,0,0,0,,1

302,TRUANCY,0,0,0,0,,1

303,TRUANCY ORIGINS,0,0,0,0,,1

304,SOPHIES WORLD,0,1,0,0,,1

305,THE GRAVEYARD BOOK,0,0,0,0,,1

306,RAT RULE 79,0,0,0,0,Author is Jewish,1

307,CAZADORA,0,1,0,0,Author has also written under name Romina Russell,1

308,LOBIZONA,0,1,0,0,,1

309,CARAVAL,0,0,0,0,,1

310,MAGGOT MOON,0,0,0,0,Author has dyslexia,1

311,"YOURE WELCOME, UNIVERSE",0,0,0,0,Protagonist is Deaf.,1

312,SYMPTOMS OF BEING HUMAN,0,0,0,0,,1

313,DREAM COUNTRY,0,0,0,0,,1

314,SPIN,0,0,0,0,,1

315,GIRL MANS UP,0,0,0,0,"Some reviews seem to label the protagonist as genderqueer, but from what I can find that label or nonbinary is never used in the book, and the summary on the back does use the word 'girl' in the summary, so I marked as female.",1

316,GIRL IN PIECES,0,0,0,0,,1

317,RED,0,0,0,0,,1

318,THESE VIOLENT DELIGHTS,0,1,0,0,,1

319,I BELIEVE IN A THING CALLED LOVE,1,0,0,0,,1

320,SINGING THE DOGSTAR BLUES,0,0,0,0,,1

321,HOW NOT TO ASK A BOY TO PROM,0,0,0,0,,1

322,THE VANISHING OF KATHARINA LINDEN,0,1,0,0,,1

323,AN ABUNDANCE OF KATHERINES,0,0,0,0,,1

324,LOOKING FOR ALASKA,0,0,0,0,,1

325,THE FAULT IN OUR STARS,0,1,0,0,,1

326,TURTLES ALL THE WAY DOWN,0,0,0,0,Author and protagonist both have OCD,1

327,"WILL GRAYSON, WILL GRAYSON",0,0,0,0,"Novel has two POV characters; one of whom is gay, and those sections were written by gay author David Leviathan, hence ownvoices.",1

328,NONE OF THE ABOVE,0,0,0,0,Main character is intersex but assigned female at birth- without having read the book I have a difficult time determining if she continues to identify that way after finding out she's intersex so I marked both female and other (as well as LGBTQ).,1

329,THE UNFINISHED LIFE OF ADDISON STONE,0,0,0,0,,1

330,ADRIFT,0,0,0,0,,1

331,STAY WITH ME,0,0,0,0,,1

332,THE MAGICIANS,0,0,0,0,,1

333,KIFFE KIFFE TOMORROW,0,0,0,0,,1

334,THE GAPS,0,1,0,0,"Two main characters - one who is Chinese and one who is biracial (half white, half Chinese)",1

335,THE BLACK KIDS,0,0,0,0,,1

336,"ALWAYS AND FOREVER, LARA JEAN",1,0,0,0,Main character is biracial - half white and half Korean,1

337,P S I STILL LOVE YOU,1,0,0,0,,1

338,TO ALL THE BOYS IVE LOVED BEFORE,1,0,0,0,,1

339,THE LAST TIME WE SAY GOODBYE,0,0,0,0,,1

340,THE WEIGHT OF OUR SKY,0,0,0,0,Main character has OCD,1

341,HERE LIES BRIDGET,0,0,0,0,,1

342,THE LIE TREE,0,1,0,0,,1

343,"MY BEST FRIEND, THE ATLANTIC OCEAN AND OTHER GREAT BODIES STANDING BETWEEN ME AND MY LIFE WITH GIULIO",0,0,0,0,,1

344,RUNEMARKS,0,0,0,0,,1

345,172 HOURS ON THE MOON,0,0,0,0,,1

346,SERAPHINA,0,0,0,0,,1

347,SHADOW SCALE,0,0,0,0,,1

348,DEMONGLASS,0,0,0,0,,1

349,HER ROYAL HIGHNESS,0,1,0,0,,1

350,HEX HALL,0,0,0,0,,1

351,PRINCE CHARMING,0,1,0,0,,1

352,SCHOOL SPIRITS,0,0,0,0,,1

353,ME & MR CIGAR,0,0,0,0,,1

354,THE GIRL FROM EVERYWHERE,0,0,0,0,,1

355,THE SHIP BEYOND TIME,0,0,0,0,"Author and main character are both half white, half Chinese. Author is bipolar.",1

356,"CHARLIE, PRESUMED DEAD",0,1,0,0,,1

357,THE GIRL WHO WAS SUPPOSED TO DIE,0,0,0,0,,1

358,WHEN THE SKY FELL ON SPLENDOR,0,0,0,0,,1

359,HOOPER,0,0,0,0,,1

360,WITH A NAME LIKE LOVE,0,0,0,0,,1

361,RUMBLE FISH,0,0,0,0,,1

362,TAMING THE STAR RUNNER,0,0,0,0,,1

363,"THAT WAS THEN, THIS IS NOW",0,0,0,0,,1

364,THE OUTSIDERS,0,0,0,0,,1

365,THE SMELL OF OTHER PEOPLES HOUSES,0,0,0,0,,1

366,WAKE,0,0,0,0,,1

367,CRIMSON BOUND,0,0,0,0,,1

368,CRUEL BEAUTY,0,0,0,0,,1

369,THE EVOLUTION OF MARA DYER,0,0,0,0,,1

370,THE RETRIBUTION OF MARA DYER,0,0,0,0,,1

371,THE UNBECOMING OF MARA DYER,0,0,0,0,,1

372,INCANTATION,0,0,0,0,Ownvoices is because character and author are both Jewish,1

373,THE GLASS MAGICIAN,0,0,0,0,,1

374,THE MASTER MAGICIAN,0,0,0,0,,1

375,THE PAPER MAGICIAN,0,0,0,0,,1

376,HOUSE ARREST,0,0,1,0,,1

377,WHEN ZACHARY BEAVER CAME TO TOWN,0,0,0,0,,1

378,CRANK,0,0,1,0,,1

379,IDENTICAL,0,0,1,0,,1

380,IMPULSE,0,0,1,0,,1

381,PERFECT,0,0,1,0,,1

382,SMOKE,0,0,1,0,,1

383,TILT,0,0,1,0,,1

384,TRAFFICK,0,0,1,0,,1

385,TRICKS,0,0,1,0,,1

386,ARK ANGEL,0,0,0,0,,1

387,CROCODILE TEARS,0,0,0,0,,1

388,POINT BLANK,0,0,0,0,,1

389,SCORPIA,0,0,0,0,,1

390,SCORPIA RISING,0,0,0,0,,1

391,SKELETON KEY,0,0,0,0,,1

392,SNAKEHEAD,0,0,0,0,,1

393,STORMBREAKER,0,1,0,0,,1

394,FOR THE RECORD,0,0,0,0,,1

395,AND WE STAY,0,0,0,0,,1

396,AWAKE AT DAWN,0,0,0,0,,1

397,WE ARE THE ANTS,0,0,0,0,,1

398,A WOUNDED NAME,0,0,0,0,,1

399,EVERY BODY LOOKING,0,0,1,0,,1

400,A GOOD GIRLS GUIDE TO MURDER,0,0,0,0,,1

401,ALLEGEDLY,0,0,0,0,,1

402,LET ME HEAR A RHYME,0,0,0,0,,1

403,MONDAYS NOT COMING,0,0,0,0,,1

404,EVIL GENIUS,0,0,0,0,,1

405,GENIUS SQUAD,0,0,0,0,,1

406,THE GENIUS WARS,0,0,0,0,,1

407,THE KEY TO THE GOLDEN FIREBIRD,0,0,0,0,,1

408,THE NAME OF THE STAR,0,1,0,0,,1

409,THE DRAGON REBORN,0,0,0,0,,1

410,THE EYE OF THE WORLD,0,0,0,0,,1

411,THE GREAT HUNT,0,0,0,0,,1

412,SECRET SACRAMENT,0,0,0,0,,1

413,KIRA KIRA,0,0,0,0,,1

414,SHADOW OF THE FOX,0,0,0,0,,1

415,THE IRON DAUGHTER,0,0,0,0,,1

416,THE IRON KING,0,0,0,0,,1

417,THE IRON KNIGHT,0,0,0,0,,1

418,THE IRON QUEEN,0,0,0,0,,1

419,THE LOST PRINCE,0,0,0,0,,1

420,"IF I HAVE A WICKED STEPMOTHER, WHERES MY PRINCE",0,0,0,0,,1

421,ALMOST PERFECT,0,0,0,0,,1

422,TORMENT,0,0,0,0,,1

423,AURORA RISING,0,0,0,0,"Two leads, one who is white, one who is biracial (half white, half Chinese)",1

424,ILLUMINAE,0,0,0,0,,1

425,BOWL OF CHERRIES,0,0,0,0,,1

426,A CURSE SO DARK AND LONELY,0,0,0,0,,1

427,ROCKY ROAD,0,0,0,0,,1

428,ONE THING STOLEN,0,1,0,0,,1

429,WHAT BECAME OF HER,0,0,0,0,,1

430,DARIUS THE GREAT IS NOT OKAY,0,1,0,0,"Protagonist is biracial (half white, half Persian)",1

431,THE GOSPEL OF WINTER,0,0,0,0,,1

432,"LUZ, REBOUND",0,0,0,0,,1

433,DIG,0,0,0,0,,1

434,EVERYBODY SEES THE ANTS,0,0,0,0,,1

435,GLORY OBRIENS HISTORY OF THE FUTURE,0,0,0,0,,1

436,PLEASE IGNORE VERA DIETZ,0,0,0,0,,1

437,REALITY BOY,0,0,0,0,,1

438,STILL LIFE WITH TORNADO,0,0,0,0,,1

439,"SHUFFLE, REPEAT",0,0,0,0,,1

440,LADY MACBETHS DAUGHTER,0,0,0,0,,1

441,OPHELIA,0,0,0,0,,1

442,OPENLY STRAIGHT,0,0,0,0,,1

443,THE MUSIC OF WHAT HAPPENS,0,0,0,0,"Two leads, one who is white and the other is a biracial Latino.",1

444,ENCHANTED,0,0,0,0,,1

445,CHAOS ON CATNET,0,0,0,0,,1

446,THE GHOST IN THE MIRROR,0,0,0,0,,1

447,CHARM & STRANGE,0,0,0,0,,1

448,THE THINGS SHES SEEN,0,1,0,0,Authors and character are aboriginal ,1

449,GIRL IN TRANSLATION,0,0,0,0,,1

450,ANYWHERE BUT HERE,0,0,0,0,,1

451,WE ARE OKAY,0,0,0,0,,1

452,YOU KNOW ME WELL,1,0,0,0,"Two authors, both of whom are white and queer. Co-author David Leviathan is already represented in audit in section for books he authored solo, hence why he isn't here again in author info so as to not have duplicate info.",1

453,DARK TRIUMPH,0,0,0,0,,1

454,GRAVE MERCY,0,0,0,0,,1

455,MORTAL HEART,0,0,0,0,,1

456,BUTTERFLY YELLOW,0,0,0,0,,1

457,IN DARKNESS,0,1,0,0,,1

458,YOU IN FIVE ACTS,0,0,0,0,"Five pov characters - two are white, two are Latine, and one is black.",1

459,WHITE CAPTIVES,0,0,0,0,,1

460,STARFLIGHT,0,0,0,0,,1

461,BUTTER,0,0,0,0,,1

462,DEAD ENDS,0,0,0,0,Two protagonists and one has Down syndrome ,1

463,DREAMLAND BURNING,0,0,0,0,,1

464,WHEN,0,0,0,0,,1

465,MONUMENT 14,0,0,0,0,,1

466,GIFTS,0,0,0,0,,1

467,THE TELLING,0,0,0,0,,1

468,ABSOLUTE BRIGHTNESS,0,0,0,0,Author is nonbinary and now goes by Celeste Lecesne,1

469,THE GENTLEMANS GUIDE TO VICE AND VIRTUE,0,1,0,0,"Two leads - one is white and the author is biracial (half black, half white).",1

470,THE DOWNSTAIRS GIRL,0,0,0,0,,1

471,UNDER A PAINTED SKY,0,0,0,0,,1

472,DONE DIRT CHEAP,0,0,0,0,,1

473,A WRINKLE IN TIME,0,0,0,0,,1

474,AN ACCEPTABLE TIME,0,0,0,0,,1

475,MEET THE AUSTINS,0,0,0,0,,1

476,A SWIFTLY TILTING PLANET,0,0,0,0,,1

477,A WIND IN THE DOOR,0,0,0,0,,1

478,MANY WATERS,0,0,0,0,,1

479,THE UNMAKING OF DUNCAN VEERICK,0,0,0,0,,1

480,EVERY DAY,0,0,0,0,Protagonist is genderfluid and wakes up in a different body every day so race is not stable,1

481,HOLD ME CLOSER,1,0,0,0,,1

482,THE LOVERS DICTIONARY,0,0,1,0,"No set main character - various characters swap povs throughout a school, but seem to read as white.",1

483,THE REALM OF POSSIBILITY,0,0,0,0,,1

484,CATHERINE,0,0,0,0,,1

485,JANE,0,0,0,0,,1

486,A SNAKE FALLS TO EARTH,0,0,0,0,Author and protagonist are Lipan Apache,1

487,HUNTRESS,0,0,0,0,,1

488,THE DISREPUTABLE HISTORY OF FRANKIE LANDAU BANKS,0,0,0,0,,1

489,WE WERE LIARS,0,0,0,0,,1

490,OPEN ROAD SUMMER,0,0,0,0,,1

491,THE MAP FROM HERE TO THERE,0,0,0,0,,1

492,THE FALL OF FIVE,0,0,0,0,Lore is pen name for James Frey and others.,1

493,THE POWER OF SIX,0,0,0,0,,1

494,THE RISE OF NINE,0,0,0,0,,1

495,IF YOURE OUT THERE,0,0,0,0,,1

496,GATHERING BLUE,0,0,0,0,,1

497,MESSENGER,0,0,0,0,,1

498,SON,0,0,0,0,,1

499,THE GIVER,0,0,0,0,,1

500,CHAMPION,0,0,0,0,,1

501,LEGEND,0,0,0,0,,1

502,PRODIGY,0,0,0,0,,1

503,THE KINGDOM OF BACK,0,1,0,0,,1

504,THE MIDNIGHT STAR,0,0,0,0,,1

505,THE ROSE SOCIETY,0,0,0,0,"Protagonist is part of a fantasy race, but is described as having brown skin. ",1

506,WARCROSS,0,0,0,0,,1

507,BOY TOY,0,0,0,0,,1

508,I HUNT KILLERS,0,0,0,0,,1

509,CATCH RIDER,0,0,0,0,,1

510,THE BEST LIES,0,0,0,0,,1

511,A COURT OF THORNS AND ROSES,0,0,0,0,,1

512,10 THINGS I CAN SEE FROM HERE,0,0,0,0,Protagonist has anxiety disorder.,1

513,A VERY LARGE EXPANSE OF SEA,0,0,0,0,Author and protagonist are both Iranian (Persian) American.,1

514,WHAT THE DICKENS,0,0,0,0,,1

515,FINNIKIN OF THE ROCK,0,0,0,0,,1

516,SAVING FRANCESCA,0,1,0,0,,1

517,FRAGILE ETERNITY,0,0,0,0,,1

518,WICKED LOVELY,0,0,0,0,,1

519,DAUGHTER OF THE FLAMES,0,0,0,0,,1

520,THE NIGHT TOURIST,0,0,0,0,,1

521,KISS KILL VANISH,0,1,0,0,,1

522,DEVIL AND THE BLUEBIRD,0,0,0,0,,1

523,THE NOVICE,0,0,0,0,,1

524,"SOMEBODY, PLEASE TELL ME WHO I AM",0,0,0,0,,1

525,"HOLD ME CLOSER, NECROMANCER",0,0,0,0,,1

526,CHARMED THIRDS,0,0,0,0,,1

527,FOURTH COMINGS,0,0,0,0,,1

528,PERFECT FIFTHS,0,0,0,0,,1

529,SECOND HELPINGS,0,0,0,0,,1

530,SLOPPY FIRSTS,0,0,0,0,,1

531,UNDER THE MESQUITE,0,0,1,0,,1

532,YOU WERE HERE,0,0,0,0,"Author is non-binary and switched spelling of their name from ""Cori"" to ""Cory""; ""Cori"" is what appears on book cover.",1

533,THE KITE RIDER,0,1,0,0,,1

534,NEVER FALL DOWN,0,1,0,0,,1

535,SOLD,0,1,0,0,,1

536,"I, CLAUDIA",0,0,0,0,,1

537,BLOOD WATER PAINT,0,1,1,0,,1

538,FLYNNS WORLD,0,0,0,0,,1

539,TWELVE,0,0,0,0,,1

540,HEROINE,0,0,0,0,,1

541,THE FEMALE OF THE SPECIES,0,0,0,0,,1

542,VALIANT,0,0,0,0,,1

543,WHEN THE MOON WAS OURS,0,0,0,0,"Two leads - one is trans and a biracial Italian-Pakistani teen boy, other is a Latina girl.",1

544,CRASH,0,0,0,0,,1

545,CRYERS CROSS,0,0,0,0,,1

546,ONE OF US IS LYING,0,0,0,0,"Four leads who get POVs, one of whom is gay. One is Latina, the other 3 are white.",1

547,TWO CAN KEEP A SECRET,0,0,0,0,Two leads - one who is a white male and one who is a biracial Latina.,1

548,ACCELERATION,0,1,0,0,,1

549,FAR FAR AWAY,0,0,0,0,,1

550,#MURDERTRENDING,0,0,0,0,,1

551,BLOOD PROMISE,0,0,0,0,,1

552,BLOODLINES,0,0,0,0,,1

553,FROSTBITE,0,0,0,0,,1

554,LAST SACRIFICE,0,0,0,0,,1

555,SHADOW KISS,0,0,0,0,,1

556,SOUNDLESS,0,0,0,0,,1

557,SPIRIT BOUND,0,0,0,0,,1

558,THE FIERY HEART,0,0,0,0,,1

559,THE GLITTERING COURT,0,0,0,0,,1

560,THE GOLDEN LILY,0,0,0,0,,1

561,THE INDIGO SPELL,0,0,0,0,,1

562,VAMPIRE ACADEMY,0,0,0,0,,1

563,BURN BABY BURN,0,0,0,0,,1

564,YAQUI DELGADO WANTS TO KICK YOUR ASS,0,0,0,0,,1

565,THE HUNTERS MOON,0,1,0,0,,1

566,WHEN DIMPLE MET RISHI,0,0,0,0,,1

567,THE TALK FUNNY GIRL,0,0,0,0,,1

568,"BEWARE, PRINCESS ELIZABETH",0,1,0,0,,1

569,LOVING WILL SHAKESPEARE,0,1,0,0,,1

570,ECHO NORTH,0,0,0,0,,1

571,BLOODY JACK,0,1,0,0,,1

572,CINDER,0,0,0,0,"Character's race doesn't appear in book, but author describes her as ""mixed ethincity Asian/White"" on her website when asked.",1

573,CRESS,0,0,0,0,,1

574,FAIREST,0,0,0,0,,1

575,SCARLET,0,0,0,0,,1

576,STARS ABOVE,0,0,0,0,Short story collection with multiple main characters,1

577,WINTER,0,0,0,0,,1

578,BREAKING DAWN,0,0,0,0,,1

579,ECLIPSE,0,0,0,0,,1

580,NEW MOON,0,0,0,0,,1

581,THE HOST,0,0,0,0,,1

582,TWILIGHT,0,0,0,0,,1

583,THE REMINDER,0,0,0,0,,1

584,UN LUN DUN,0,1,0,0,,1

585,THE FINAL SIX,0,0,0,0,Two main characters - one is white and one is Iranian/Persian - the author is also the latter.,1

586,ANNE OF GREEN GABLES,0,1,0,0,,1

587,ANNE OF INGLESIDE,0,1,0,0,,1

588,ANNE OF WINDY POPLARS,0,1,0,0,,1

589,ANNES HOUSE OF DREAMS,0,1,0,0,,1

590,RAINBOW VALLEY,0,1,0,0,,1

591,RILLA OF INGLESIDE,0,1,0,0,,1

592,THE BLUE CASTLE,0,1,0,0,,1

593,SPARROW,0,0,0,0,,1

594,RED MOON RISING,0,0,0,0,,1

595,BLOODLINE,0,1,0,0,,1

596,THE NIGHT CIRCUS,0,1,0,0,,1

597,THE TROUBLE WITH DESTINY,0,0,0,0,,1

598,SLAY,0,0,0,0,,1

599,RAMONA BLUE,0,0,0,0,,1

600,SIDE EFFECTS MAY VARY,0,0,0,0,,1

601,ALL THE RIGHT STUFF,0,0,0,0,,1

602,SHINE,0,0,0,0,,1

603,THE INFINITE MOMENT OF US,0,0,0,0,,1

604,THE VISION,0,0,0,0,,1

605,DAUGHTER OF VENICE,0,0,0,0,,1

606,ALICE IN LACE,0,0,0,0,,1

607,NOW ILL TELL YOU EVERYTHING,0,0,0,0,,1

608,SIMPLY ALICE,0,0,0,0,,1

609,LIKE A LOVE STORY,0,0,0,0,Author and protagonist are both Iranian/Persian.,1

610,ILL GIVE YOU THE SUN,0,0,0,0,,1

611,NO CRYSTAL STAIR,0,0,0,0,,1

612,A MONSTER CALLS,0,1,0,0,,1

613,MONSTERS OF MEN,0,0,0,0,,1

614,MORE THAN THIS,0,1,0,0,,1

615,RELEASE,0,0,0,0,,1

616,THE ASK AND THE ANSWER,0,0,0,0,,1

617,THE KNIFE OF NEVER LETTING GO,0,0,0,0,,1

618,THE REST OF US JUST LIVE HERE,0,0,0,0,"The main character's male best friend is gay, and the main character experiments with him but resists labelling himself.",1

619,EVERYTHING I NEVER TOLD YOU,0,0,0,0,"Main character is biracial, half white and half Chinese.",1

620,GIRLS OF PAPER AND FIRE,0,0,0,0,,1

621,ALL THE BRIGHT PLACES,0,0,0,0,,1

622,HOLDING UP THE UNIVERSE,0,0,0,0,"Two leads - one who is white and one who is biracial (half white, half Black).",1

623,A CONFUSION OF PRINCES,0,0,0,0,,1

624,CLARIEL,0,0,0,0,,1

625,GOLDENHAND,0,0,0,0,,1

626,NEWTS EMERALD,0,0,0,0,,1

627,THE ABHORSEN CHRONICLES,0,0,0,0,,1

628,EVERMORE,0,0,0,0,,1

629,ROMEO AND OR JULIET,0,0,0,0,,1

630,UPROOTED,0,0,0,0,,1

631,WHEN THE GROUND IS HARD,0,1,0,0,Lead is mixed race - Black and white. ,1

632,SHADOWSHAPER,0,0,0,0,,1

633,BEFORE I FALL,0,0,0,0,,1

634,DELIRIUM,0,0,0,0,,1

635,PANDEMONIUM,0,0,0,0,,1

636,PANIC,0,0,0,0,,1

637,REPLICA,0,0,0,0,,1

638,REQUIEM,0,0,0,0,,1

639,VANISHING GIRLS,0,0,0,0,,1

640,ASKING FOR IT,0,1,0,0,,1

641,AIRBORN,0,0,0,0,,1

642,HALF BROTHER,0,1,0,0,,1

643,EACH OF US A DESERT,0,0,0,0,,1

644,DOROTHY MUST DIE,0,0,0,0,,1

645,THE WICKED WILL RISE,0,0,0,0,,1

646,STEALING SNOW,0,0,0,0,,1

647,THE END OF OZ,0,0,0,0,,1

648,GEEK CHARMING,0,0,0,0,,1

649,"BRISINGR, OR THE SEVEN PROMISES OF ERAGON SHADESLAYER AND SAPHIRA BJARTSKULAR",0,0,0,0,,1

650,ELDEST,0,0,0,0,,1

651,ERAGON,0,0,0,0,,1

652,INHERITANCE,0,0,0,0,,1

653,RANI PATEL IN FULL EFFECT,0,0,0,0,,1

654,MAXIMUM RIDE,0,0,0,0,,1

655,SCHOOLS OUT FOREVER,0,0,0,0,,1

656,EAST,0,0,0,0,,1

657,SISTERS RED,0,0,0,0,,1

658,THE RIVER BETWEEN US,0,0,0,0,Lead is biricial - half Black and half Native Hawaiian.,1

659,CRISS CROSS,0,0,0,0,,1

660,THERES SOMEONE INSIDE YOUR HOUSE,0,0,0,0,,1

661,NEVERWORLD WAKE,0,0,0,0,,1

662,TRISKELLION,0,1,0,0,"""Will Peterson"" is pseudonym for writing team of two white males.",1

663,THE STARS AND THE BLACKNESS BETWEEN THEM,0,0,0,0,,1

664,LOCK & MORI,0,1,0,0,,1

665,THE FIELD GUIDE TO THE NORTH AMERICAN TEENAGER,1,0,0,0,,1

666,BETWEEN THE LINES,0,0,0,0,,1

667,OFF THE PAGE,0,0,0,0,,1

668,ALANNA,0,0,0,0,,1

669,IN THE HAND OF THE GODDESS,0,0,0,0,,1

670,LIONESS RAMPANT,0,0,0,0,,1

671,MELTING STONES,0,0,0,0,,1

672,TEMPESTS AND SLAUGHTER,0,0,0,0,,1

673,THE WOMAN WHO RIDES LIKE A MAN,0,0,0,0,,1

674,WINGS,0,0,0,0,,1

675,WILDER GIRLS,0,0,0,0,,1

676,DODGER,0,1,0,0,,1

677,NATION,0,0,0,0,Two leads - one white and one Aboriginal.,1

678,DESERT ANGEL,0,0,0,0,,1

679,I AM PRINCESS X,0,0,0,0,,1

680,THE VINYL PRINCESS,0,0,0,0,,1

681,AFTER,0,0,0,0,,1

682,THE TURNING,0,0,0,0,,1

683,IN THE SHADOW OF THE ARK,0,1,0,0,Book is Biblical fiction - put in historical fiction as closest comparable category.,1

684,THE AMBER SPYGLASS,0,1,0,0,,1

685,"THE BOOK OF DUST, VOLUME ONE",0,1,0,0,,1

686,THE GOLDEN COMPASS,0,1,0,0,,1

687,THE SECRET COMMONWEALTH,0,1,0,0,,1

688,THE SUBTLE KNIFE,0,1,0,0,,1

689,BOY21,0,0,0,0,,1

690,EVERY EXQUISITE THING,0,0,0,0,,1

691,"FORGIVE ME, LEONARD PEACOCK",0,0,0,0,,1

692,"GABI, A GIRL IN PIECES",0,0,0,0,,1

693,NOTEWORTHY,0,0,0,0,,1

694,INVINCIBLE,1,0,0,0,,1

695,THE NOWHERE GIRLS,0,0,0,0,"3 main characters - two are white, and one is Mexican and queer. One also has Asperger's.",1

696,THE THINGS A BROTHER KNOWS,0,0,0,0,,1

697,A MILLION SUNS,0,0,0,0,,1

698,ACROSS THE UNIVERSE,0,0,0,0,,1

699,SHADES OF EARTH,0,0,0,0,,1

700,ALL AMERICAN BOYS,0,0,0,0,Two authors and two lead characters - one white and one Black.,1

701,LONG WAY DOWN,0,0,1,0,,1

702,THE BOY IN THE BLACK SUIT,0,0,0,0,,1

703,FALLING KINGDOMS,0,0,0,0,,1

704,REBEL SPRING,0,0,0,0,,1

705,PATRON SAINTS OF NOTHING,0,1,0,0,,1

706,SIX MONTHS LATER,0,0,0,0,,1

707,A MAP OF DAYS,0,0,0,0,,1

708,HOLLOW CITY,0,0,0,0,,1

709,LIBRARY OF SOULS,0,0,0,0,,1

710,MISS PEREGRINES HOME FOR PECULIAR CHILDREN,0,1,0,0,,1

711,TALES OF THE PECULIAR,0,1,0,0,,1

712,A BREAK WITH CHARITY,0,0,0,0,,1

713,BROKEN DAYS,0,0,0,0,,1

714,THE FIFTH OF MARCH,0,0,0,0,,1

715,THE LAST SILK DRESS,0,0,0,0,,1

716,I HOPE YOU GET THIS MESSAGE,0,0,0,0,3 leads - two white and one Pakistani. 2 of the 3 are also gay.,1

717,BEASTLY BONES,0,0,0,0,,1

718,GHOSTLY ECHOES,0,0,0,0,,1

719,JACKABY,0,0,0,0,,1

720,JULIET TAKES A BREATH,1,0,0,0,,1

721,GIVING UP THE V,0,0,0,0,,1

722,TWISTED SUMMER,0,0,0,0,,1

723,AN ENCHANTMENT OF RAVENS,0,0,0,0,,1

724,SORCERY OF THORNS,0,0,0,0,"Two leads, one of whom is bisexual.",1

725,ALLEGIANT,0,0,0,0,,1

726,CARVE THE MARK,0,0,0,0,,1

727,DIVERGENT,0,0,0,0,,1

728,INSURGENT,0,0,0,0,,1

729,THE FATES DIVIDE,0,0,0,0,,1

730,ATTACHMENTS,0,0,0,0,,1

731,CARRY ON,0,1,0,0,,1

732,ELEANOR & PARK,0,0,0,0,Two leads - one white and one Korean.,1

733,FANGIRL,0,0,0,0,,1

734,HARRY POTTER AND THE DEATHLY HALLOWS,0,1,0,0,,1

735,HARRY POTTER AND THE GOBLET OF FIRE,0,1,0,0,,1

736,HARRY POTTER AND THE HALF BLOOD PRINCE,0,1,0,0,,1

737,HARRY POTTER AND THE ORDER OF THE PHOENIX,0,1,0,0,,1

738,HARRY POTTER AND THE SORCERERS STONE,0,1,0,0,,1

739,DENTON LITTLES STILL NOT DEAD,0,0,0,0,,1

740,BONE GAP,0,0,0,0,,1

741,"THIRTEEN DOORWAYS, WOLVES BEHIND THEM ALL",0,0,0,0,,1

742,BIRTHDAY,0,0,0,0,,1

743,IF I WAS YOUR GIRL,1,0,0,0,,1

744,WRITTEN IN THE STARS,0,0,0,0,,1

745,ARISTOTLE AND DANTE DISCOVER THE SECRETS OF THE UNIVERSE,1,0,0,0,,1

746,THIS SONG WILL SAVE YOUR LIFE,0,0,0,0,,1

747,I AM NOT YOUR PERFECT MEXICAN DAUGHTER,0,0,0,0,,1

748,SONG OF THE SPARROW,0,0,0,0,,1

749,THE RITHMATIST,0,0,0,0,,1

750,AFTER THE WOODS,0,0,0,0,,1

751,ANNA AND THE SWALLOW MAN,0,1,0,0,,1

752,THE WAY BACK,0,0,0,0,Author and protagonists are both Jewish.,1

753,FIG,0,0,0,0,,1

754,THE HIRED GIRL,0,0,0,0,,1

755,THE BEGINNING OF EVERYTHING,0,0,0,0,,1

756,THREATENED,0,1,0,0,,1

757,BETWEEN HERE AND FOREVER,0,0,0,0,,1

758,LIVING DEAD GIRL,0,0,0,0,,1

759,MIDWINTERBLOOD,0,0,0,0,,1

760,REVOLVER,0,1,0,0,,1

761,SAINT DEATH,0,0,0,0,,1

762,SHE IS NOT INVISIBLE,0,0,0,0,Protagonist is blind.,1

763,THE GHOSTS OF HEAVEN,0,0,0,0,,1

764,VOYAGES IN THE UNDERWORLD OF ORPHEUS BLACK,0,1,0,0,"Two authors, both are white men.",1

765,"WHERED YOU GO, BERNADETTE",0,0,0,0,,1

766,BETWEEN SHADES OF GRAY,0,1,0,0,,1

767,OUT OF THE EASY,0,1,0,0,,1

768,SALT TO THE SEA,0,1,0,0,,1

769,THE FOUNTAINS OF SILENCE,0,1,0,0,,1

770,X,0,0,0,0,"Two authors, both of whom are Black women.",1

771,THE LIGHT AT THE BOTTOM OF THE WORLD,0,1,0,0,,1

772,MY SO CALLED BOLLYWOOD LIFE,1,0,0,0,,1

773,FAR FROM YOU,0,0,0,0,,1

774,FLAVOR OF THE WEEK,0,0,0,0,,1

775,CONFESSIONS OF A TEENAGE DRAMA QUEEN,0,0,0,0,,1

776,ALICE IN ZOMBIELAND,0,0,0,0,,1

777,CHALLENGER DEEP,0,0,0,0,Protagonist has schizophrenia,1

778,SCYTHE,0,0,0,0,"Set in a ""post-racial"" dystopia where racial categories have blended",1

779,THE TOLL,0,0,0,0,"Set in a ""post-racial"" dystopia where racial categories have blended",1

780,THUNDERHEAD,0,0,0,0,"Set in a ""post-racial"" dystopia where racial categories have blended",1

781,HISTORY IS ALL YOU LEFT ME,0,0,0,0,,1

782,MORE HAPPY THAN NOT,0,0,0,0,,1

783,THEY BOTH DIE AT THE END,0,0,0,0,,1

784,YOU ASKED FOR PERFECT,0,0,0,0,"Two leads, one is white and Jewish, the other is a Pakistani Muslim. The author is also Jewish.",1

785,JASPER JONES,0,1,0,0,,1

786,THE GLASS ARROW,0,0,0,0,"Author describes herself as ""mixed race"", Japanese and Caucasian. ",1

787,STRUTS & FRETS,0,0,0,0,"Published with ""Jon"", but author is non binary and has started using J. Kelley Skovron",1

788,THE CROWNS GAME,0,1,0,0,,1

789,COUNTING BY 7S,0,0,0,0,,1

790,100 SIDEWAYS MILES,0,0,0,0,Protagonist has epilepsy,1

791,GRASSHOPPER JUNGLE,0,0,0,0,,1

792,THE ALEX CROW,0,0,0,0,,1

793,WINGER,0,0,0,0,,1

794,BLESSED,0,0,0,0,,1

795,ETERNAL,0,0,0,0,,1

796,HEARTS UNBROKEN,0,0,0,0,,1

797,"NINJAS, PIRANHAS AND GALILEO",0,0,0,0,"Author identifies as biracial, half German and half Japanese. There are multiple POV characters, one of whom is Japanese.",1

798,WILD AWAKE,0,0,0,0,Author is bipolar.,1

799,THE GEOGRAPHY OF YOU AND ME,0,0,0,0,,1

800,THIS IS WHAT HAPPY LOOKS LIKE,0,0,0,0,,1

801,FLYGIRL,0,0,0,0,,1

802,LUCY THE GIANT,0,0,0,0,,1

803,COURT DUEL,0,0,0,0,,1

804,CROWN DUEL,0,0,0,0,,1

805,UNSTOPPABLE MOSES,0,0,0,0,,1

806,WHAT MY MOTHER DOESNT KNOW,0,0,1,0,Protagonist is Jewish,1

807,NOTES FROM THE MIDNIGHT DRIVER,0,0,0,0,,1

808,IRON CAST,0,0,0,0,"Author describes herself as biracial ""half white, half Mexican""; since she also described herself as Latinx, I checked both Latinx and biracial to avoid treating race and ethnicity interchangeably.",1

809,STARGIRL,0,0,0,0,,1

810,WHAT THE NIGHT SINGS,0,1,0,0,Author and protagonist are both Jewish,1

811,SHIVAS FIRE,0,1,0,0,,1

812,"BLUE LILY, LILY BLUE",0,0,0,0,,1

813,LINGER,0,0,0,0,,1

814,SHIVER,0,0,0,0,,1

815,THE DREAM THIEVES,0,0,0,0,,1

816,THE RAVEN BOYS,0,0,0,0,,1

817,THE RAVEN KING,0,0,0,0,,1

818,THE SCORPIO RACES,0,0,0,0,,1

819,A MIDSUMMER NIGHTS SCREAM,0,0,0,0,,1

820,BLIND DATE,0,0,0,0,,1

821,THE OVERNIGHT,0,0,0,0,,1

822,BLACK WIDOW: FOREVER RED,0,1,0,0,,1

823,PROJECT 17,0,0,0,0,,1

824,DEAR JUSTYCE,0,0,0,0,,1

825,DEAR MARTIN,0,0,0,0,,1

826,JACKPOT,0,0,0,0,"Protagonist is Latina and biracial, half Black and half white.",1

827,EVERY LAST WORD,0,0,0,0,Protagonist has OCD,1

828,BOOT CAMP,0,0,0,0,,1

829,LESLIES JOURNAL,0,0,0,0,,1

830,17 & GONE,0,0,0,0,,1

831,IMAGINARY GIRLS,0,0,0,0,,1

832,THE WALLS AROUND US,0,0,0,0,"Protagonist has schizophrenia, but it is revealed as a plot twist towards the end of the novel.",1

833,ALL THE RAGE,0,0,0,0,,1

834,A REAPER AT THE GATES,0,0,0,0,"Fantasy world with different racial categories, but two leads are described as having ""golden brown skin"". ",1

835,A TORCH AGAINST THE NIGHT,0,0,0,0,"Fantasy world with different racial categories, but two leads are described as having ""golden brown skin"". ",1

836,AN EMBER IN THE ASHES,0,0,0,0,"Fantasy world with different racial categories, but two leads are described as having ""golden brown skin"". ",1

837,INTO THE DIM,0,1,0,0,,1

838,DAUGHTER OF SMOKE & BONE,0,1,0,0,,1

839,DAYS OF BLOOD & STARLIGHT,0,0,0,0,,1

840,DREAMS OF GODS & MONSTERS,0,0,0,0,,1

841,STRANGE THE DREAMER,0,0,0,0,"High fantasy, so protagonist is a member of a fictional race but artwork seems to suggest brown skin.",1

842,MERMAID IN CHELSEA CREEK,0,0,0,0,,1

843,NOTHING,0,1,0,0,,1

844,CEMETERY BOYS,0,0,0,0,,1

845,CONCRETE ROSE,0,0,0,0,,1

846,THE HATE U GIVE,0,0,0,0,,1

847,THE DARKEST CORNERS,0,0,0,0,,1

848,BECAUSE YOULL NEVER MEET ME,0,1,0,0,,1

849,NOWHERE NEAR YOU,0,1,0,0,,1

850,"QUARANTINE, BOOK ONE",0,0,0,0,"""Lex Thomas"" is the pen name for writing team of two white men.",1

851,TARNISHED ARE THE STARS,0,0,0,0,,1

852,SISTER TO THE WOLF,0,1,0,0,,1

853,THE QUEEN OF ATTOLIA,0,0,0,0,,1

854,THE BEAST PLAYER,0,0,0,0,Set in Japan-inspired fantasy world,1

855,FLIPPED,0,0,0,0,,1

856,WILD BIRD,0,0,0,0,,1

857,ITS KIND OF A FUNNY STORY,0,0,0,0,Main character has anxiety/depression ,1

858,TIMEBOUND,0,0,0,0,,1

859,THE STORYSPINNER,0,0,0,0,,1

860,THE MEMORY TREES,0,0,0,0,,1

861,WE ALL LOOKED UP,0,0,0,0,"Alternates between POV of four leads; three are white, and one is Black.",1

862,"A MAD, WICKED FOLLY",0,1,0,0,,1

863,GIRLS ON THE VERGE,0,0,0,0,,1

864,THE STRANGE & BEAUTIFUL SORROWS OF AVA LAVENDER,0,0,0,0,,1

865,MY HEART AND OTHER BLACK HOLES,0,0,0,0,,1

866,SHOOT THE MOON,0,0,0,0,,1

867,PIECING ME TOGETHER,0,0,0,0,,1

868,ANGEL FEVER,0,0,0,0,,1

869,ANGEL BURN,0,0,0,0,,1

870,ANGEL FIRE,0,0,0,0,,1

871,THE MURDERERS APE,0,0,0,0,Main character is an ape,1

872,CODE NAME VERITY,0,1,0,0,,1

873,ROSE UNDER FIRE,0,1,0,0,,1

874,SUICIDE NOTES FROM BEAUTIFUL GIRLS,0,0,0,0,,1

875,WHEREVER NINA LIES,0,0,0,0,,1

876,LOVE & GELATO,0,1,0,0,,1

877,IMPOSSIBLE,0,0,0,0,"Protagonist is raped as a key plot point, but her trauma is not explored - focus is more on fantastical implications.",1

878,THE DISTANCE BETWEEN US,0,0,0,0,,1

879,AFTERWORLDS,0,0,0,0,,1

880,BEHEMOTH,0,0,0,0,,1

881,EXTRAS,0,0,0,0,,1

882,PEEPS,0,0,0,0,,1

883,PRETTIES,0,0,0,0,,1

884,SPECIALS,0,0,0,0,,1

885,UGLIES,0,0,0,0,,1

886,ZEROES,0,0,0,0,,1

887,NOGGIN,0,0,0,0,,1

888,WHERE THINGS COME BACK,0,0,0,0,,1

889,ENDLESSLY,0,0,0,0,,1

890,PARANORMALCY,0,0,0,0,,1

891,SLAYER,0,0,0,0,,1

892,SUPERNATURALLY,0,0,0,0,,1

893,THE ART OF BEING NORMAL,0,1,0,0,"While the book's protagonist is a trans girl, she is often described in terms of ""a boy who wants to be a girl"" and he/him pronouns and deadnaming abound.",1

894,"ADAM CANFIELD, WATCH YOUR BACK",0,0,0,0,,1

895,IN THE SHADOW OF BLACKBIRDS,0,0,0,0,,1

896,HARD LOVE,0,0,0,0,,1

897,TRUE BELIEVER,0,0,1,0,,1

898,BELZHAR,0,0,0,0,,1

899,POISON,0,0,0,0,,1

900,SUMMER OF SUPERNOVAS,0,0,0,0,,1

901,LOCOMOTION,0,0,1,0,,1

902,THE EMPEROR OF ANY PLACE,0,0,0,0,,1

903,THE 5TH WAVE,0,0,0,0,,1

904,THE LAST STAR,0,0,0,0,,1

905,THE MONSTRUMOLOGIST,0,0,0,0,,1

906,THE INFINITE SEA,0,0,0,0,,1

907,HOW WE BECAME WICKED,0,0,0,0,,1

908,PRINCE ACROSS THE WATER,0,1,0,0,,1

909,QUEENS OWN FOOL,0,1,0,0,,1

910,"EVERYTHING, EVERYTHING",0,0,0,0,,1

911,THE SUN IS ALSO A STAR,0,0,0,0,Two leads; one is Jamaican and one is Korean,1

912,BLOOD RED ROAD,0,0,0,0,,1

913,RAGING STAR,0,0,0,0,,1

914,REBEL HEART,0,0,0,0,,1

915,AS MANY NOWS AS I CAN GET,0,0,0,0,,1

916,ELIZA AND HER MONSTERS,0,0,0,0,"Lead has anxiety, another main character has selective mutism",1

917,GEM & DIXIE,0,0,0,0,,1

918,HOW TO SAVE A LIFE,0,0,0,0,,1

919,THE LUCY VARIATIONS,0,0,0,0,,1

920,GOODBYE DAYS,0,0,0,0,,1

921,RAYNE & DELILAHS MIDNITE MATINEE,0,0,0,0,,1

922,THE SERPENT KING,0,0,0,0,,1

923,ALL THESE THINGS IVE DONE,0,0,0,0,,1

924,BECAUSE IT IS MY BLOOD,0,0,0,0,,1

925,ELSEWHERE,0,0,0,0,,1

926,CARING IS CREEPY,0,0,0,0,,1

927,AMERICAN STREET,0,0,0,0,,1

928,PRIDE,0,0,0,0,,1

929,PUNCHING THE AIR,0,0,1,0,,1

930,BRIDGE OF CLAY,0,1,0,0,,1

931,THE BOOK THIEF,0,1,0,0,,1

932,TRAPPED,0,0,0,0,,1

933,XANADU,0,0,0,0,,1

934,ZOMBIES VS UNICORNS,0,0,0,0,,1

935,Total,0,0,0,0,,1

