1,0,0,0,1,0,0,0,0,0,,A LAND OF PERMANENT GOODBYES

2,0,0,0,0,0,0,0,0,0,,THE BRIDESMAID

3,0,0,0,0,0,0,0,0,0,,THE FEVER

4,0,0,0,0,0,0,0,0,0,,DOES MY HEAD LOOK BIG IN THIS

5,0,0,0,1,0,0,0,0,0,,THE LINES WE CROSS

6,0,0,0,0,0,0,0,0,0,,REALITY CHECK

7,0,0,0,0,0,0,0,0,0,,WITH THE FIRE ON HIGH

8,0,0,1,0,0,0,0,0,0,,HOW I PAID FOR COLLEGE

9,0,0,0,0,0,0,0,0,0,,CHILDREN OF BLOOD AND BONE

10,0,0,0,0,0,0,0,0,0,,CHILDREN OF VIRTUE AND VENGEANCE

11,0,1,1,0,0,0,0,0,0,,LEAH ON THE OFFBEAT

12,0,0,1,0,0,0,0,0,0,,SIMON VS THE HOMO SAPIENS AGENDA

13,0,1,0,0,0,0,0,0,0,,UPSIDE OF UNREQUITED

14,0,0,1,0,0,0,0,0,0,,WHAT IF ITS US

15,0,0,0,0,0,0,0,0,0,,ALTERED

16,0,0,0,0,0,0,0,0,0,,CREWEL

17,0,0,0,0,0,0,0,0,0,,UNRAVELED

18,0,0,0,0,0,1,0,0,0,,THE ABSOLUTELY TRUE DIARY OF A PART TIME INDIAN

19,0,0,0,0,0,0,0,0,0,,GOTTA GET SOME BISH BASH BOSH

20,0,0,0,0,0,0,0,0,0,,A SONG FOR ELLA GREY

21,0,0,0,0,0,0,0,0,0,,THE TIGHTROPE WALKERS

22,0,0,0,0,0,0,0,0,0,,MIDNIGHT AT THE ELECTRIC

23,0,0,0,0,0,0,0,1,0,,SPEAK

24,0,0,0,0,0,0,0,1,0,,THE IMPOSSIBLE KNIFE OF MEMORY

25,0,0,0,0,0,0,0,1,0,,WINTERGIRLS

26,0,0,0,0,0,0,0,0,0,,FEED

27,0,0,0,0,0,0,0,0,0,,LANDSCAPE WITH INVISIBLE HAND

28,0,0,0,0,0,0,0,0,0,,ME AND EARL AND THE DYING GIRL

29,0,0,0,0,0,0,0,0,0,,DUELS & DECEPTION

30,0,0,0,0,0,0,0,0,0,,SEA OF SHADOWS

31,0,0,0,0,0,0,0,0,0,,THE CALLING

32,0,0,0,0,0,0,0,0,0,,THE GATHERING

33,0,0,0,0,0,0,0,0,0,,THE RISING

34,0,0,0,0,0,0,0,0,0,,ONYX & IVORY

35,0,0,0,0,0,0,0,0,0,,THE NIGHTMARE AFFAIR

36,0,0,0,0,0,0,0,0,0,,THE NIGHTMARE DILEMMA

37,0,0,0,0,0,0,0,0,0,,MOSQUITOLAND

38,0,0,0,0,0,0,0,0,0,,RED HOOD

39,0,0,0,0,0,0,0,1,0,,WHAT GIRLS ARE MADE OF

40,0,0,0,0,0,0,0,0,0,,THE FUTURE OF US

41,0,0,0,0,0,0,0,1,0,,THIRTEEN REASONS WHY

42,0,0,0,0,0,0,0,0,0,,WHAT LIGHT

43,0,0,0,0,0,0,0,1,0,,WHEN JEFF COMES HOME

44,0,0,1,0,0,0,0,0,0,,THE BLACK FLAMINGO

45,0,0,0,0,0,0,0,1,0,,CHASING SHADOWS

46,0,0,0,0,0,0,0,0,0,,CRUEL CROWN

47,0,0,0,0,0,0,0,0,0,,GLASS SWORD

48,0,0,0,0,0,0,0,0,0,,KINGS CAGE

49,0,0,0,0,0,0,0,0,0,,RED QUEEN

50,0,0,0,0,0,0,0,0,0,,BURN

51,0,0,0,0,0,0,0,0,0,,FUSE

52,0,0,0,0,0,0,0,0,0,,PURE

53,0,0,0,0,0,1,0,1,0,,ALIVE

54,0,0,0,0,0,0,0,0,0,,OF NEPTUNE

55,0,0,0,0,0,0,0,0,0,,OF TRITON

56,0,0,0,0,0,0,0,0,0,,THE BIRD AND THE BLADE

57,0,0,0,0,0,0,0,0,0,,CROOKED KINGDOM

58,0,0,0,0,0,1,0,0,0,,RUIN AND RISING

59,0,0,0,0,0,0,0,0,0,,SHADOW AND BONE

60,0,0,0,0,0,1,0,0,0,,SIX OF CROWS

61,0,0,0,0,0,0,1,0,0,,WONDER SHOW

62,0,0,0,0,0,0,0,0,0,,LITTLE WHITE LIES

63,0,0,0,0,0,0,0,0,0,,CHARLOTTE CUTS IT OUT

64,0,0,1,0,0,0,0,0,0,,"GIRL, SERPENT THORN"

65,0,0,0,0,0,0,0,0,0,,THE TRUTH ABOUT MY BAT MITZVAH

66,0,0,0,0,0,0,0,1,0,,GIL MARSH

67,0,0,0,0,0,0,0,0,0,,BACKWATER

68,0,0,0,0,0,0,0,0,0,,THWONK

69,0,0,1,0,0,0,0,0,0,,I AM J

70,0,0,0,0,0,0,0,0,0,,FAR FROM THE TREE

71,0,0,0,0,0,0,0,0,0,,LOVELY WAR

72,0,0,0,0,0,0,0,0,0,,THE PASSION OF DOLSSA

73,0,0,1,0,0,0,0,0,0,,THE SIN EATERS CONFESSION

74,0,0,0,0,0,0,0,0,0,,DOLL BONES

75,0,0,0,0,0,0,0,0,0,,THE COLDEST GIRL IN COLDTOWN

76,0,0,1,0,0,0,0,0,0,,THE DARKEST PART OF THE FOREST

77,0,0,0,0,0,0,0,0,0,,WHITE CAT

78,0,0,0,0,0,0,0,0,0,,THREE DARK CROWNS

79,0,0,0,0,0,0,0,0,0,,CHEROKEE BAT AND THE GOAT GUYS

80,0,0,1,0,0,0,0,0,0,,LOVE IN THE TIME OF GLOBAL WARMING

81,0,0,0,0,0,0,0,0,0,,MISSING ANGEL JUAN

82,0,0,0,0,0,0,0,0,0,,WEETZIE BAT

83,0,0,0,0,0,0,0,0,0,,FOREVER

84,0,0,0,0,0,0,0,0,0,,WITCH HUNTER

85,0,0,0,0,0,0,0,0,0,,DOUBLE DOWN

86,0,0,0,0,0,0,0,0,0,,FALLOUT

87,0,0,0,0,0,0,0,0,0,,LOIS LANE

88,0,0,0,0,0,0,0,1,1,,FIREKEEPERS DAUGHTER

89,0,0,0,0,0,0,0,1,0,,STARFISH

90,0,0,0,0,0,0,0,0,0,,PASSENGER

91,0,0,0,0,0,0,0,0,0,,WAYFARER

92,0,0,0,0,0,0,0,0,0,,SOMETHING WICKED THIS WAY COMES

93,0,0,0,0,0,0,0,0,0,,YOUNG SAMURAI

94,0,0,0,0,0,0,0,0,0,,CITRUS COUNTY

95,0,0,0,0,0,0,0,0,0,,GIRLS IN PANTS

96,0,0,0,0,0,0,0,0,0,,THE HERE AND NOW

97,0,0,0,0,0,0,0,0,0,,THE SECOND SUMMER OF THE SISTERHOOD

98,0,0,0,0,0,0,0,0,0,,THE SISTERHOOD OF THE TRAVELING PANTS

99,0,0,1,0,0,0,0,0,0,,A GREAT AND TERRIBLE BEAUTY

100,0,0,0,0,0,0,0,0,0,,BEAUTY QUEENS

101,0,0,0,0,0,1,0,1,0,,GOING BOVINE

102,0,0,0,0,0,0,0,0,0,,LAIR OF DREAMS

103,0,0,1,0,0,0,0,0,0,,REBEL ANGELS

104,0,0,0,0,0,0,0,0,0,,THE DIVINERS

105,0,0,0,0,0,0,0,0,0,,THE SWEET FAR THING

106,0,0,0,0,0,0,0,0,0,,THE GAME OF LOVE AND DEATH

107,0,0,0,0,0,0,0,1,0,,THE BUNKER DIARY

108,0,0,0,0,0,0,1,1,0,,TRUE CONFESSIONS OF A HEARTLESS GIRL

109,0,0,1,0,0,1,0,1,1,,TELL THE WOLVES IM HOME

110,0,0,0,0,0,0,1,0,0,,THE PROPHECY OF THE STONES

111,0,0,0,0,0,0,0,0,0,,LITTLE LORD FAUNTLEROY

112,0,0,0,0,0,0,0,0,0,,FURIES OF CALDERON

113,0,0,0,0,0,0,0,1,0,,TELL ME THREE THINGS

114,0,0,0,0,0,0,0,0,0,,LOVE AND OTHER PERISHABLE ITEMS

115,0,0,0,0,0,0,0,0,0,,ABANDON

116,0,0,0,0,0,0,0,0,0,,ALL AMERICAN GIRL

117,0,0,0,0,0,0,0,0,0,,AWAKEN

118,0,0,0,0,0,0,0,0,0,,THE PRINCESS DIARIES

119,0,0,0,0,0,0,0,0,0,,UNDERWORLD

120,0,0,0,0,0,0,0,0,0,,HONOR AMONG THIEVES

121,0,0,0,0,0,0,0,0,0,,"HONEY, BABY SWEETHEART"

122,0,0,0,0,0,0,0,1,0,,THE LAST FOREVER

123,0,0,0,0,0,0,0,0,0,,WILD ROSES

124,0,0,0,0,0,0,0,0,0,,GATEFATHER

125,0,0,0,0,0,0,0,0,0,,RUINS

126,0,0,0,0,0,0,0,0,0,,THE GATE THIEF

127,0,0,0,0,0,0,0,0,0,,THE LOST GATE

128,0,0,0,0,0,0,0,0,0,,DIARY OF A TEENAGE GIRL

129,0,0,0,0,0,0,0,0,0,,SUPER HUMAN

130,0,1,0,0,0,0,0,0,0,,THE BITTER KINGDOM

131,0,1,0,0,0,0,0,0,0,,THE CROWN OF EMBERS

132,0,1,0,0,0,0,0,0,0,,THE GIRL OF FIRE AND THORNS

133,0,0,0,0,0,0,0,0,0,,BITTERBLUE

134,0,0,0,0,0,0,0,0,0,,FIRE

135,0,0,0,0,0,0,0,0,0,,GRACELING

136,0,0,0,0,0,0,0,0,0,,THE ELITE

137,0,0,0,0,0,0,0,0,0,,THE ONE

138,0,0,0,0,0,0,0,0,0,,THE SELECTION

139,0,0,0,0,0,0,0,0,0,,AWAKENED

140,0,0,0,0,0,0,0,0,0,,BETRAYED

141,0,0,0,0,0,0,0,0,0,,BURNED

142,0,0,0,0,0,0,0,0,0,,CHOSEN

143,0,0,0,0,0,0,0,0,0,,DESTINED

144,0,0,0,0,0,0,0,0,0,,HUNTED

145,0,0,0,0,0,0,0,0,0,,MARKED

146,0,0,0,0,0,0,0,0,0,,REVEALED

147,0,0,0,0,0,0,0,0,0,,TEMPTED

148,0,0,0,0,0,0,0,0,0,,UNTAMED

149,0,0,0,0,0,0,0,0,0,,YOU LOOK DIFFERENT IN REAL LIFE

150,0,0,0,0,0,0,0,0,0,,MUSE

151,0,0,0,0,0,0,0,0,0,,GRADUATION DAY

152,0,0,0,0,0,0,0,0,0,,INDEPENDENT STUDY

153,0,0,0,0,0,0,0,0,0,,THE TESTING

154,0,0,0,0,0,0,0,0,0,,THE PERKS OF BEING A WALLFLOWER

155,0,0,0,0,0,0,1,0,0,,THE READER

156,0,0,0,0,0,0,0,0,0,,WICKED FOX

157,0,0,0,0,0,1,0,1,0,,YOLK

158,0,0,0,0,1,0,0,0,0,,AL CAPONE DOES MY SHIRTS

159,0,0,0,0,0,0,0,1,0,,STOLEN

160,0,0,0,0,0,0,0,0,0,,SOLO LEVELING

161,0,0,0,0,0,0,0,0,0,,CITY OF ASHES

162,0,0,0,0,0,0,0,0,0,,CITY OF BONES

163,0,0,0,0,0,0,0,0,0,,CITY OF FALLEN ANGELS

164,0,0,0,0,0,0,0,0,0,,CITY OF GLASS

165,0,0,0,0,0,0,0,0,0,,CITY OF HEAVENLY FIRE

166,0,0,1,0,0,0,0,0,0,,CITY OF LOST SOULS

167,0,0,0,0,0,0,0,0,0,,CLOCKWORK ANGEL

168,0,0,0,0,0,0,0,0,0,,CLOCKWORK PRINCESS

169,1,0,0,0,0,0,0,0,0,,FIRE BRINGER

170,0,0,0,0,0,0,0,0,0,,SPIRIT AND DUST

171,0,0,0,0,0,0,0,0,0,,TEXAS GOTHIC

172,0,0,0,0,0,0,0,0,0,,ARMADA

173,0,0,0,0,0,0,0,0,0,,CROWNCHASERS

174,0,0,0,0,0,0,0,0,0,,NICK & NORAHS INFINITE PLAYLIST

175,0,0,1,0,0,0,0,1,0,,THE KINGDOM OF LITTLE WOUNDS

176,0,0,1,0,0,0,0,1,0,,LITTLE & LION

177,0,0,0,0,0,0,0,1,0,,POINTE

178,0,0,0,0,0,0,0,0,0,,POISON PRINCESS

179,0,0,0,0,0,0,1,1,0,,CATCHING FIRE

180,0,0,0,0,0,0,1,1,0,,MOCKINGJAY

181,0,0,0,0,0,0,1,1,0,,THE HUNGER GAMES

182,0,0,0,0,0,0,0,0,0,,CROSSED

183,0,0,0,0,0,0,0,0,0,,MATCHED

184,0,0,0,0,0,0,0,0,0,,REACHED

185,0,0,0,0,0,0,0,0,0,,SUGGESTED READING

186,0,0,0,0,0,0,0,1,0,,THE BOOK OF LOST THINGS

187,0,0,0,0,0,0,0,1,0,,THE FACE ON THE MILK CARTON

188,0,0,0,0,0,0,0,1,0,,WHATEVER HAPPENED TO JANIE

189,0,0,1,0,0,0,0,1,0,,VANISHED

190,0,0,1,0,0,0,0,0,0,,LABYRINTH LOST

191,0,0,0,0,0,0,0,1,0,,"GOODBYE, REBEL BLUE"

192,0,0,0,0,0,0,0,0,0,,THE CHOCOLATE WAR

193,0,0,0,0,0,0,0,1,0,,WHAT I HAD BEFORE I HAD YOU

194,0,0,1,0,0,0,0,0,0,,INKMISTRESS

195,0,0,1,0,0,0,0,0,0,,NATHAN AND ALEX

196,0,0,0,0,0,0,0,0,0,,AFTER THE SNOW

197,0,0,1,0,0,0,0,0,0,,BEAUTIFUL MUSIC FOR UGLY CHILDREN

198,0,0,0,0,0,0,0,0,0,,KILL ME SOFTLY

199,0,0,0,0,0,0,0,0,0,,TEAR YOU APART

200,0,0,0,0,0,1,0,0,0,,ONE

201,0,0,0,1,0,0,1,0,0,,AUDACITY

202,0,0,0,0,0,0,0,0,0,,GRAFFITI MOON

203,0,0,0,0,0,0,0,0,0,,CHINESE HANDCUFFS

204,0,0,0,0,0,0,0,0,0,,RUNNING LOOSE

205,0,1,0,0,0,0,0,1,0,,STAYING FAT FOR SARAH BYRNES

206,0,0,0,0,0,0,0,0,0,,WHALE TALK

207,0,0,1,0,0,0,0,0,0,,BOY ROBOT

208,0,0,0,0,0,0,0,0,0,,CROAK

209,0,0,1,0,0,0,0,0,0,,THE MISEDUCATION OF CAMERON POST

210,0,0,1,0,0,0,0,0,0,,DREADNOUGHT

211,0,0,0,0,0,0,0,0,0,,FOREST OF A THOUSAND LANTERNS

212,0,0,0,0,0,0,0,0,0,,THE DEATH CURE

213,0,0,0,0,0,0,0,0,0,,THE EYE OF MINDS

214,0,0,0,0,0,0,0,0,0,,THE GAME OF LIVES

215,0,0,0,0,0,0,0,0,0,,THE KILL ORDER

216,0,0,0,0,0,0,0,0,0,,THE MAZE RUNNER

217,0,0,0,0,0,0,0,0,0,,THE RULE OF THOUGHTS

218,0,0,0,0,0,0,0,0,0,,THE SCORCH TRIALS

219,0,0,0,0,0,0,0,0,0,,THE CLEARING

220,0,0,0,0,0,0,0,0,0,,"STRONGER, FASTER AND MORE BEAUTIFUL"

221,0,0,0,0,0,0,0,0,0,,ALEX & ELIZA

222,0,0,0,0,0,0,0,0,0,,BLUE BLOODS

223,0,0,0,0,0,0,0,0,0,,MASQUERADE

224,0,0,0,0,0,0,0,0,0,,REVELATIONS

225,0,0,0,0,0,0,0,0,0,,THE VAN ALEN LEGACY

226,0,0,1,0,0,0,0,0,0,,I WISH YOU ALL THE BEST

227,0,0,0,0,0,0,0,1,0,,LOVE LETTERS TO THE DEAD

228,0,0,0,0,0,0,0,0,0,,TRUTHWITCH

229,0,0,0,0,0,0,0,0,0,,WINDWITCH

230,0,0,0,0,0,0,0,0,0,,ALONG FOR THE RIDE

231,0,0,0,0,0,0,0,1,0,,DREAMLAND

232,0,0,0,0,0,0,0,1,0,,JUST LISTEN

233,0,0,0,0,0,0,0,1,0,,LOCK AND KEY

234,0,0,0,0,0,0,0,0,0,,ONCE AND FOR ALL A NOVEL

235,0,0,0,0,0,0,0,0,0,,SAINT ANYTHING

236,0,0,0,0,0,0,0,0,0,,SOMEONE LIKE YOU

237,0,0,0,0,0,0,0,0,0,,THAT SUMMER

238,0,0,0,0,0,0,0,0,0,,THE MOON AND MORE

239,0,0,0,0,0,0,0,0,0,,THE TRUTH ABOUT FOREVER

240,0,0,0,0,0,0,0,0,0,,THIS LULLABY

241,0,0,0,0,0,0,0,0,0,,WHAT HAPPENED TO GOODBYE

242,0,0,0,0,0,0,0,0,0,,THE SILENCED

243,0,0,0,0,0,0,0,0,0,,TELL ME SOMETHING REAL

244,0,0,0,0,0,0,0,0,0,,SOMEDAY WE WILL FLY

245,0,0,0,0,0,0,0,0,0,,THE MARROW THIEVES

246,0,0,0,0,0,0,0,0,0,,A NORTHERN LIGHT

247,0,0,0,0,0,0,0,0,0,,REVOLUTION

248,0,0,0,0,0,0,0,0,0,,STEPSISTER

249,0,0,0,0,0,0,0,1,0,,FELL OF DARK

250,0,0,0,0,0,0,0,0,0,,THE GREAT ADVENTURES OF SHERLOCK HOLMES

251,0,0,0,0,0,0,0,0,0,,A WIZARD ABROAD

252,0,0,0,0,0,0,0,0,0,,DEEP WIZARDRY

253,0,0,0,0,0,0,0,0,0,,HIGH WIZARDRY

254,0,0,0,0,0,0,0,0,0,,SO YOU WANT TO BE A WIZARD

255,0,0,1,0,0,0,0,0,0,,HOT DOG GIRL

256,0,0,0,0,0,0,0,0,0,,WICKED SAINTS

257,0,0,1,0,1,1,0,0,0,,ON THE EDGE OF GONE

258,0,0,0,0,0,0,0,0,0,,IN MEMORY OF JUNIOR

259,0,0,0,0,0,0,0,0,0,,BULL

260,0,0,0,0,0,0,0,0,0,,VOICES

261,0,0,0,0,0,0,0,0,0,,COURT OF FIVES

262,0,0,0,0,0,0,0,0,0,,HAMILTON AND PEGGY

263,0,0,1,0,0,0,0,0,0,,PET

264,0,0,0,0,0,0,0,0,0,,MOMO

265,0,0,1,0,0,0,0,0,0,,THE DISASTERS

266,0,0,0,0,0,0,0,0,0,,LITTLE WOMEN

267,0,0,0,0,0,0,0,0,0,,TAKE A BOW

268,0,0,0,0,0,0,0,0,0,,THE JEWEL

269,0,0,0,0,0,0,0,0,0,,WE HUNT THE FLAME

270,0,0,0,0,0,0,0,0,0,,BLOOD SCION

271,0,0,0,0,0,0,0,0,0,,PLAYLIST FOR THE DEAD

272,0,0,0,0,0,0,0,0,0,,OVERBOARD

273,0,0,0,1,0,0,0,0,0,,GOOD BRAIDER

274,0,0,0,0,0,0,0,0,0,,"THE EAR, THE EYE AND THE ARM"

275,0,0,0,0,0,0,0,0,0,,THE HOUSE OF THE SCORPION

276,0,0,1,0,0,0,0,0,0,,THE GREAT AMERICAN WHATEVER

277,0,0,0,0,0,0,0,0,0,,"LOVE AMONG THE WALNUTS, OR HOW I SAVED MY FAMILY FROM BEING POISONED"

278,0,0,0,0,0,1,0,0,0,,OF SOUND MIND

279,0,0,0,0,0,0,0,0,0,,INCARCERON

280,0,0,0,0,0,0,0,0,0,,SAPPHIQUE

281,0,0,0,0,0,0,0,0,0,,THE DOOR IN THE MOON

282,0,0,0,0,0,0,0,0,0,,THE OBSIDIAN MIRROR

283,0,0,0,0,0,0,0,0,0,,THE SLANTED WORLDS

284,0,0,0,0,0,0,0,0,0,,THE SPEED OF DARKNESS

285,0,0,0,0,0,0,0,0,0,,CRESCENDO

286,0,0,0,0,0,0,0,0,0,,MY LIFE NEXT DOOR

287,0,0,0,0,0,0,0,0,0,,WHAT I THOUGHT WAS TRUE

288,0,0,0,0,0,0,0,0,0,,SEEDFOLKS

289,0,0,0,0,0,0,0,0,0,,SEEK

290,0,0,0,0,0,0,0,0,0,,THE CARNIVAL AT BRAY

291,0,0,0,0,0,0,0,1,0,,I WAS HERE

292,0,0,0,0,0,0,0,0,0,,IF I STAY

293,0,0,0,0,0,0,0,0,0,,JUST ONE DAY

294,0,0,0,0,0,0,0,0,0,,JUST ONE YEAR

295,0,0,0,0,0,0,0,0,0,,WHERE SHE WENT

296,0,0,0,0,0,0,0,0,0,,THE JANE AUSTEN BOOK CLUB

297,0,0,0,0,0,0,0,0,0,,RUSH

298,0,0,0,0,0,0,0,0,0,,SPIRITS PRINCESS

299,0,0,0,0,0,0,0,0,0,,THE HUNT

300,0,0,0,0,0,0,0,0,0,,THE PREY

301,0,0,0,0,0,0,0,0,0,,THE TRAP

302,0,0,0,0,0,0,0,0,0,,TRUANCY

303,0,0,0,0,0,0,0,0,0,,TRUANCY ORIGINS

304,0,0,0,0,0,0,0,0,0,,SOPHIES WORLD

305,0,0,0,0,0,0,0,0,0,,THE GRAVEYARD BOOK

306,0,0,0,0,0,0,0,0,0,,RAT RULE 79

307,0,0,0,1,0,0,0,0,0,,CAZADORA

308,0,0,0,1,0,0,0,0,0,,LOBIZONA

309,0,0,0,0,0,0,0,0,0,,CARAVAL

310,0,0,1,0,0,0,0,0,0,,MAGGOT MOON

311,0,0,0,0,0,1,0,0,0,,"YOURE WELCOME, UNIVERSE"

312,0,0,1,0,0,0,0,0,0,,SYMPTOMS OF BEING HUMAN

313,0,0,1,1,0,0,0,0,0,,DREAM COUNTRY

314,0,0,0,0,0,0,0,0,0,,SPIN

315,0,0,1,0,0,0,0,0,0,,GIRL MANS UP

316,0,0,0,0,0,0,0,1,0,,GIRL IN PIECES

317,0,0,0,0,0,0,0,0,0,,RED

318,0,0,0,0,0,0,0,0,0,,THESE VIOLENT DELIGHTS

319,0,0,0,0,0,0,0,0,0,,I BELIEVE IN A THING CALLED LOVE

320,0,0,0,0,0,0,0,0,0,,SINGING THE DOGSTAR BLUES

321,0,0,1,0,0,0,0,0,0,,HOW NOT TO ASK A BOY TO PROM

322,0,0,0,0,0,0,0,0,0,,THE VANISHING OF KATHARINA LINDEN

323,0,0,0,0,0,0,0,0,0,,AN ABUNDANCE OF KATHERINES

324,0,0,0,0,0,0,0,0,0,,LOOKING FOR ALASKA

325,0,0,0,0,0,1,0,0,0,,THE FAULT IN OUR STARS

326,0,0,0,0,0,1,0,0,0,,TURTLES ALL THE WAY DOWN

327,0,0,1,0,0,0,0,0,0,,"WILL GRAYSON, WILL GRAYSON"

328,0,0,1,0,0,0,0,0,0,,NONE OF THE ABOVE

329,0,0,0,0,0,0,0,0,0,,THE UNFINISHED LIFE OF ADDISON STONE

330,0,0,0,0,0,0,0,0,0,,ADRIFT

331,0,0,0,0,0,0,0,0,0,,STAY WITH ME

332,0,0,0,0,0,0,0,0,0,,THE MAGICIANS

333,0,0,0,0,0,0,0,0,0,,KIFFE KIFFE TOMORROW

334,0,0,0,0,0,0,0,0,0,,THE GAPS

335,0,0,0,0,0,0,0,0,0,,THE BLACK KIDS

336,0,0,0,0,0,0,0,0,0,,"ALWAYS AND FOREVER, LARA JEAN"

337,0,0,0,0,0,0,0,0,0,,P S I STILL LOVE YOU

338,0,0,0,0,0,0,0,0,0,,TO ALL THE BOYS IVE LOVED BEFORE

339,0,0,0,0,0,0,0,1,0,,THE LAST TIME WE SAY GOODBYE

340,0,0,0,0,0,1,0,0,0,,THE WEIGHT OF OUR SKY

341,0,0,0,0,0,0,0,0,0,,HERE LIES BRIDGET

342,0,0,0,0,0,0,0,0,0,,THE LIE TREE

343,0,0,0,0,0,0,0,0,0,,"MY BEST FRIEND, THE ATLANTIC OCEAN AND OTHER GREAT BODIES STANDING BETWEEN ME AND MY LIFE WITH GIULIO"

344,0,0,0,0,0,0,0,0,0,,RUNEMARKS

345,0,0,0,0,0,0,0,0,0,,172 HOURS ON THE MOON

346,0,0,0,0,0,0,0,0,0,,SERAPHINA

347,0,0,1,0,0,0,0,0,0,,SHADOW SCALE

348,0,0,0,0,0,0,0,0,0,,DEMONGLASS

349,0,0,1,0,0,0,0,0,0,,HER ROYAL HIGHNESS

350,0,0,0,0,0,0,0,0,0,,HEX HALL

351,0,0,0,0,0,0,0,0,0,,PRINCE CHARMING

352,0,0,0,0,0,0,0,0,0,,SCHOOL SPIRITS

353,0,0,0,0,0,0,0,0,0,,ME & MR CIGAR

354,0,0,0,0,0,0,0,0,0,,THE GIRL FROM EVERYWHERE

355,0,0,0,0,0,0,0,0,0,,THE SHIP BEYOND TIME

356,0,0,0,0,0,0,0,0,0,,"CHARLIE, PRESUMED DEAD"

357,0,0,0,0,0,0,0,0,0,,THE GIRL WHO WAS SUPPOSED TO DIE

358,0,0,0,0,0,0,0,0,0,,WHEN THE SKY FELL ON SPLENDOR

359,0,0,0,1,0,0,0,0,0,,HOOPER

360,0,0,0,0,0,0,0,0,0,,WITH A NAME LIKE LOVE

361,0,0,0,0,0,0,0,0,0,,RUMBLE FISH

362,0,0,0,0,0,0,0,0,0,,TAMING THE STAR RUNNER

363,0,0,0,0,0,0,0,0,0,,"THAT WAS THEN, THIS IS NOW"

364,0,0,0,0,0,0,0,0,0,,THE OUTSIDERS

365,0,0,0,0,0,0,1,0,0,,THE SMELL OF OTHER PEOPLES HOUSES

366,0,0,0,0,0,0,0,0,0,,WAKE

367,0,0,0,0,0,0,0,0,0,,CRIMSON BOUND

368,0,0,0,0,0,0,0,0,0,,CRUEL BEAUTY

369,0,0,0,0,0,0,0,0,0,,THE EVOLUTION OF MARA DYER

370,0,0,0,0,0,0,0,0,0,,THE RETRIBUTION OF MARA DYER

371,0,0,0,0,0,0,0,0,0,,THE UNBECOMING OF MARA DYER

372,0,0,0,0,0,0,0,0,0,,INCANTATION

373,0,0,0,0,0,0,0,0,0,,THE GLASS MAGICIAN

374,0,0,0,0,0,0,0,0,0,,THE MASTER MAGICIAN

375,0,0,0,0,0,0,0,0,0,,THE PAPER MAGICIAN

376,0,0,0,0,0,0,1,0,0,,HOUSE ARREST

377,0,0,0,0,0,0,0,0,0,,WHEN ZACHARY BEAVER CAME TO TOWN

378,0,0,0,0,0,0,0,1,1,,CRANK

379,0,0,0,0,0,0,0,1,0,,IDENTICAL

380,0,0,1,0,0,0,0,1,0,,IMPULSE

381,0,0,1,0,0,0,0,1,1,,PERFECT

382,0,0,0,0,0,0,0,1,0,,SMOKE

383,0,0,1,0,0,0,0,0,0,,TILT

384,0,0,1,0,0,1,0,1,1,,TRAFFICK

385,0,0,1,0,0,0,0,1,1,,TRICKS

386,0,0,0,0,0,0,0,0,0,,ARK ANGEL

387,0,0,0,0,0,0,0,0,0,,CROCODILE TEARS

388,0,0,0,0,0,0,0,0,0,,POINT BLANK

389,0,0,0,0,0,0,0,0,0,,SCORPIA

390,0,0,0,0,0,0,0,0,0,,SCORPIA RISING

391,0,0,0,0,0,0,0,0,0,,SKELETON KEY

392,0,0,0,0,0,0,0,0,0,,SNAKEHEAD

393,0,0,0,0,0,0,0,0,0,,STORMBREAKER

394,0,0,0,0,0,0,0,0,0,,FOR THE RECORD

395,0,0,0,0,0,0,0,1,0,,AND WE STAY

396,0,0,0,0,0,0,0,0,0,,AWAKE AT DAWN

397,0,0,1,0,0,0,0,0,0,,WE ARE THE ANTS

398,0,0,0,0,0,0,0,0,0,,A WOUNDED NAME

399,0,0,1,0,0,0,0,1,0,,EVERY BODY LOOKING

400,0,0,0,0,0,0,0,0,0,,A GOOD GIRLS GUIDE TO MURDER

401,0,0,0,0,0,0,0,1,0,,ALLEGEDLY

402,0,0,0,0,0,0,0,0,0,,LET ME HEAR A RHYME

403,0,0,0,0,0,0,0,1,0,,MONDAYS NOT COMING

404,0,0,0,0,0,0,0,0,0,,EVIL GENIUS

405,0,0,0,0,0,0,0,0,0,,GENIUS SQUAD

406,0,0,0,0,0,0,0,0,0,,THE GENIUS WARS

407,0,0,0,0,0,0,0,0,0,,THE KEY TO THE GOLDEN FIREBIRD

408,0,0,0,0,0,0,0,0,0,,THE NAME OF THE STAR

409,0,0,0,0,0,0,0,0,0,,THE DRAGON REBORN

410,0,0,0,0,0,0,0,0,0,,THE EYE OF THE WORLD

411,0,0,0,0,0,0,0,0,0,,THE GREAT HUNT

412,0,0,0,0,0,0,0,0,0,,SECRET SACRAMENT

413,0,0,0,0,0,0,0,0,0,,KIRA KIRA

414,0,0,0,0,0,0,0,0,0,,SHADOW OF THE FOX

415,0,0,0,0,0,0,0,0,0,,THE IRON DAUGHTER

416,0,0,0,0,0,0,0,0,0,,THE IRON KING

417,0,0,0,0,0,0,0,0,0,,THE IRON KNIGHT

418,0,0,0,0,0,0,0,0,0,,THE IRON QUEEN

419,0,0,0,0,0,0,0,0,0,,THE LOST PRINCE

420,0,0,0,0,0,0,0,0,0,,"IF I HAVE A WICKED STEPMOTHER, WHERES MY PRINCE"

421,0,0,1,0,0,0,0,0,0,,ALMOST PERFECT

422,0,0,0,0,0,0,0,0,0,,TORMENT

423,0,0,0,0,0,0,0,0,0,,AURORA RISING

424,0,0,0,0,0,0,0,0,0,,ILLUMINAE

425,0,0,0,0,0,0,0,0,0,,BOWL OF CHERRIES

426,0,0,0,0,0,1,0,0,0,,A CURSE SO DARK AND LONELY

427,0,0,0,0,0,0,0,1,0,,ROCKY ROAD

428,0,0,0,0,0,1,0,0,0,,ONE THING STOLEN

429,0,0,0,0,0,0,0,0,0,,WHAT BECAME OF HER

430,0,0,1,0,0,0,0,1,0,,DARIUS THE GREAT IS NOT OKAY

431,0,0,0,0,0,0,0,0,0,,THE GOSPEL OF WINTER

432,0,0,0,0,0,0,0,0,0,,"LUZ, REBOUND"

433,0,0,0,0,0,0,0,0,0,,DIG

434,0,0,0,0,0,0,0,0,0,,EVERYBODY SEES THE ANTS

435,0,0,0,0,0,0,0,0,0,,GLORY OBRIENS HISTORY OF THE FUTURE

436,0,0,0,0,0,0,0,0,0,,PLEASE IGNORE VERA DIETZ

437,0,0,0,0,0,0,0,0,0,,REALITY BOY

438,0,0,0,0,0,0,0,1,0,,STILL LIFE WITH TORNADO

439,0,0,0,0,0,0,0,0,0,,"SHUFFLE, REPEAT"

440,0,0,0,0,0,0,0,0,0,,LADY MACBETHS DAUGHTER

441,0,0,0,0,0,0,0,0,0,,OPHELIA

442,0,0,1,0,0,0,0,0,0,,OPENLY STRAIGHT

443,0,0,1,0,0,0,0,0,0,,THE MUSIC OF WHAT HAPPENS

444,0,0,0,0,0,0,0,0,0,,ENCHANTED

445,0,0,1,0,0,0,0,0,0,,CHAOS ON CATNET

446,0,0,0,0,0,0,0,0,0,,THE GHOST IN THE MIRROR

447,0,0,0,0,0,0,0,1,0,,CHARM & STRANGE

448,0,0,0,0,0,0,0,0,0,,THE THINGS SHES SEEN

449,0,0,0,0,0,0,0,0,0,,GIRL IN TRANSLATION

450,0,0,0,0,0,0,0,1,0,,ANYWHERE BUT HERE

451,0,0,1,0,0,0,0,1,0,,WE ARE OKAY

452,0,0,1,0,0,0,0,0,0,,YOU KNOW ME WELL

453,0,0,0,0,0,0,0,0,0,,DARK TRIUMPH

454,0,0,0,0,0,0,0,0,0,,GRAVE MERCY

455,0,0,0,0,0,0,0,0,0,,MORTAL HEART

456,0,0,0,1,0,0,0,0,0,,BUTTERFLY YELLOW

457,0,0,0,0,0,0,0,0,0,,IN DARKNESS

458,0,0,0,0,0,0,0,0,0,,YOU IN FIVE ACTS

459,0,0,0,0,0,0,0,0,0,,WHITE CAPTIVES

460,0,0,0,0,0,0,0,0,0,,STARFLIGHT

461,0,1,0,0,0,0,0,0,0,,BUTTER

462,0,0,0,0,0,1,0,0,0,,DEAD ENDS

463,0,0,0,0,0,0,0,0,0,,DREAMLAND BURNING

464,0,0,0,0,0,0,0,0,0,,WHEN

465,0,0,0,0,0,0,0,0,0,,MONUMENT 14

466,0,0,0,0,0,0,0,0,0,,GIFTS

467,0,0,1,0,0,0,0,0,0,,THE TELLING

468,0,0,0,0,0,0,0,0,0,,ABSOLUTE BRIGHTNESS

469,0,0,1,0,0,0,0,0,0,,THE GENTLEMANS GUIDE TO VICE AND VIRTUE

470,0,0,0,0,0,0,0,0,0,,THE DOWNSTAIRS GIRL

471,0,0,0,0,0,0,0,0,0,,UNDER A PAINTED SKY

472,0,0,0,0,0,0,0,0,0,,DONE DIRT CHEAP

473,0,0,0,0,0,0,0,0,0,,A WRINKLE IN TIME

474,0,0,0,0,0,0,0,0,0,,AN ACCEPTABLE TIME

475,0,0,0,0,0,0,0,0,0,,MEET THE AUSTINS

476,0,0,0,0,0,0,0,0,0,,A SWIFTLY TILTING PLANET

477,0,0,0,0,0,0,0,0,0,,A WIND IN THE DOOR

478,0,0,0,0,0,0,0,0,0,,MANY WATERS

479,0,0,0,0,0,0,0,0,0,,THE UNMAKING OF DUNCAN VEERICK

480,0,0,1,0,0,0,0,0,0,,EVERY DAY

481,0,0,1,0,0,0,0,0,0,,HOLD ME CLOSER

482,0,0,1,0,0,0,0,0,0,,THE LOVERS DICTIONARY

483,0,0,0,0,0,0,0,0,0,,THE REALM OF POSSIBILITY

484,0,0,0,0,0,0,0,0,0,,CATHERINE

485,0,0,0,0,0,0,0,0,0,,JANE

486,0,0,0,0,0,0,0,0,0,,A SNAKE FALLS TO EARTH

487,0,0,1,0,0,0,0,0,0,,HUNTRESS

488,0,0,0,0,0,0,0,0,0,,THE DISREPUTABLE HISTORY OF FRANKIE LANDAU BANKS

489,0,0,0,0,0,0,0,0,0,,WE WERE LIARS

490,0,0,0,0,0,0,0,0,0,,OPEN ROAD SUMMER

491,0,0,0,0,0,0,0,1,0,,THE MAP FROM HERE TO THERE

492,0,0,0,0,0,0,0,0,0,,THE FALL OF FIVE

493,0,0,0,0,0,0,0,0,0,,THE POWER OF SIX

494,0,0,0,0,0,0,0,0,0,,THE RISE OF NINE

495,0,0,0,0,0,0,0,0,0,,IF YOURE OUT THERE

496,0,0,0,0,0,0,0,0,0,,GATHERING BLUE

497,0,0,0,0,0,0,0,0,0,,MESSENGER

498,0,0,0,0,0,0,0,0,0,,SON

499,0,0,0,0,0,0,0,0,0,,THE GIVER

500,0,0,0,0,0,0,0,0,0,,CHAMPION

501,0,0,0,0,0,0,0,0,0,,LEGEND

502,0,0,0,0,0,0,0,0,0,,PRODIGY

503,0,0,0,0,0,0,0,0,0,,THE KINGDOM OF BACK

504,0,0,0,0,0,0,0,0,0,,THE MIDNIGHT STAR

505,0,0,0,0,0,0,0,0,0,,THE ROSE SOCIETY

506,0,0,0,0,0,0,0,0,0,,WARCROSS

507,0,0,0,0,0,0,0,0,0,,BOY TOY

508,0,0,0,0,0,0,0,0,0,,I HUNT KILLERS

509,0,0,0,0,0,0,0,0,0,,CATCH RIDER

510,0,0,0,0,0,0,0,0,0,,THE BEST LIES

511,0,0,0,0,0,0,0,0,0,,A COURT OF THORNS AND ROSES

512,0,0,1,0,1,0,0,0,0,,10 THINGS I CAN SEE FROM HERE

513,0,0,0,0,0,0,0,0,0,,A VERY LARGE EXPANSE OF SEA

514,0,0,0,0,0,0,0,0,0,,WHAT THE DICKENS

515,0,0,0,0,0,0,0,0,0,,FINNIKIN OF THE ROCK

516,0,0,0,0,0,0,0,0,0,,SAVING FRANCESCA

517,0,0,0,0,0,0,0,0,0,,FRAGILE ETERNITY

518,0,0,0,0,0,0,0,0,0,,WICKED LOVELY

519,0,0,0,0,0,0,0,0,0,,DAUGHTER OF THE FLAMES

520,0,0,0,0,0,0,0,0,0,,THE NIGHT TOURIST

521,0,0,0,0,0,0,0,0,0,,KISS KILL VANISH

522,0,0,0,0,0,0,0,0,0,,DEVIL AND THE BLUEBIRD

523,0,0,0,0,0,0,0,0,0,,THE NOVICE

524,0,0,0,0,0,1,0,1,0,,"SOMEBODY, PLEASE TELL ME WHO I AM"

525,0,0,0,0,0,0,0,0,0,,"HOLD ME CLOSER, NECROMANCER"

526,0,0,0,0,0,0,0,0,0,,CHARMED THIRDS

527,0,0,0,0,0,0,0,0,0,,FOURTH COMINGS

528,0,0,0,0,0,0,0,0,0,,PERFECT FIFTHS

529,0,0,0,0,0,0,0,0,0,,SECOND HELPINGS

530,0,0,0,0,0,0,0,0,0,,SLOPPY FIRSTS

531,0,0,0,1,0,0,0,0,0,,UNDER THE MESQUITE

532,0,0,0,0,0,0,0,1,0,,YOU WERE HERE

533,0,0,0,0,0,0,0,0,0,,THE KITE RIDER

534,0,0,0,0,0,0,0,0,0,,NEVER FALL DOWN

535,0,0,0,0,0,0,0,0,0,,SOLD

536,0,0,0,0,0,1,0,0,0,,"I, CLAUDIA"

537,0,0,0,0,0,0,0,0,0,,BLOOD WATER PAINT

538,0,0,0,0,0,0,0,0,0,,FLYNNS WORLD

539,0,0,0,0,0,0,0,0,0,,TWELVE

540,0,0,0,0,0,0,0,0,1,,HEROINE

541,0,0,0,0,0,0,0,0,0,,THE FEMALE OF THE SPECIES

542,0,0,0,0,0,0,0,0,0,,VALIANT

543,0,0,1,0,0,0,0,0,0,,WHEN THE MOON WAS OURS

544,0,0,0,0,0,0,0,0,0,,CRASH

545,0,0,0,0,1,0,0,0,0,,CRYERS CROSS

546,0,0,1,0,0,0,0,0,0,,ONE OF US IS LYING

547,0,0,0,0,0,0,0,0,0,,TWO CAN KEEP A SECRET

548,0,0,0,0,0,0,0,0,0,,ACCELERATION

549,0,0,0,0,0,0,0,0,0,,FAR FAR AWAY

550,0,0,0,0,0,0,0,0,0,,#MURDERTRENDING

551,0,0,0,0,0,0,0,0,0,,BLOOD PROMISE

552,0,0,0,0,0,0,0,0,0,,BLOODLINES

553,0,0,0,0,0,0,0,0,0,,FROSTBITE

554,0,0,0,0,0,0,0,0,0,,LAST SACRIFICE

555,0,0,0,0,0,0,0,0,0,,SHADOW KISS

556,0,0,0,0,0,0,0,0,0,,SOUNDLESS

557,0,0,0,0,0,0,0,0,0,,SPIRIT BOUND

558,0,0,0,0,0,0,0,0,0,,THE FIERY HEART

559,0,0,0,0,0,0,0,0,0,,THE GLITTERING COURT

560,0,0,0,0,0,0,0,0,0,,THE GOLDEN LILY

561,0,0,0,0,0,0,0,0,0,,THE INDIGO SPELL

562,0,0,0,0,0,0,0,0,0,,VAMPIRE ACADEMY

563,0,0,0,0,0,0,0,0,0,,BURN BABY BURN

564,0,0,0,0,0,0,0,0,0,,YAQUI DELGADO WANTS TO KICK YOUR ASS

565,0,0,0,0,0,0,0,0,0,,THE HUNTERS MOON

566,0,0,0,0,0,0,0,0,0,,WHEN DIMPLE MET RISHI

567,0,0,0,0,0,0,0,0,0,,THE TALK FUNNY GIRL

568,0,0,0,0,0,0,0,0,0,,"BEWARE, PRINCESS ELIZABETH"

569,0,0,0,0,0,0,0,0,0,,LOVING WILL SHAKESPEARE

570,0,0,0,0,0,0,0,0,0,,ECHO NORTH

571,0,0,0,0,0,0,0,0,0,,BLOODY JACK

572,0,0,0,0,0,0,0,0,0,,CINDER

573,0,0,0,0,0,0,0,0,0,,CRESS

574,0,0,0,0,0,0,0,0,0,,FAIREST

575,0,0,0,0,0,0,0,0,0,,SCARLET

576,0,0,0,0,0,0,0,0,0,,STARS ABOVE

577,0,0,0,0,0,0,0,0,0,,WINTER

578,0,0,0,0,0,0,0,0,0,,BREAKING DAWN

579,0,0,0,0,0,0,0,0,0,,ECLIPSE

580,0,0,0,0,0,0,0,0,0,,NEW MOON

581,0,0,0,0,0,0,0,0,0,,THE HOST

582,0,0,0,0,0,0,0,0,0,,TWILIGHT

583,0,0,0,0,0,0,0,0,0,,THE REMINDER

584,0,0,0,0,0,0,0,0,0,,UN LUN DUN

585,0,0,0,0,0,0,0,0,0,,THE FINAL SIX

586,0,0,0,0,0,0,0,0,0,,ANNE OF GREEN GABLES

587,0,0,0,0,0,0,0,0,0,,ANNE OF INGLESIDE

588,0,0,0,0,0,0,0,0,0,,ANNE OF WINDY POPLARS

589,0,0,0,0,0,0,0,0,0,,ANNES HOUSE OF DREAMS

590,0,0,0,0,0,0,0,0,0,,RAINBOW VALLEY

591,0,0,0,0,0,0,0,0,0,,RILLA OF INGLESIDE

592,0,0,0,0,0,0,0,0,0,,THE BLUE CASTLE

593,0,0,0,0,1,0,0,1,0,,SPARROW

594,0,0,0,0,0,0,0,0,0,,RED MOON RISING

595,0,0,0,0,0,0,0,0,0,,BLOODLINE

596,0,0,0,0,0,0,0,0,0,,THE NIGHT CIRCUS

597,0,0,0,0,0,0,0,0,0,,THE TROUBLE WITH DESTINY

598,0,0,0,0,0,0,0,0,0,,SLAY

599,0,0,1,0,0,0,1,0,0,,RAMONA BLUE

600,0,0,0,0,0,1,0,0,0,,SIDE EFFECTS MAY VARY

601,0,0,0,0,0,0,0,0,0,,ALL THE RIGHT STUFF

602,0,0,0,0,0,0,0,0,0,,SHINE

603,0,0,0,0,0,0,0,0,0,,THE INFINITE MOMENT OF US

604,0,0,0,0,0,0,0,0,0,,THE VISION

605,0,0,0,0,0,0,0,0,0,,DAUGHTER OF VENICE

606,0,0,0,0,0,0,0,0,0,,ALICE IN LACE

607,0,0,0,0,0,0,0,0,0,,NOW ILL TELL YOU EVERYTHING

608,0,0,0,0,0,0,0,0,0,,SIMPLY ALICE

609,0,0,1,1,0,0,0,0,0,,LIKE A LOVE STORY

610,0,0,1,0,0,0,0,0,0,,ILL GIVE YOU THE SUN

611,0,0,0,0,0,0,0,0,0,,NO CRYSTAL STAIR

612,0,0,0,0,0,0,0,0,0,,A MONSTER CALLS

613,0,0,0,0,0,0,0,0,0,,MONSTERS OF MEN

614,0,0,1,0,0,0,0,1,0,,MORE THAN THIS

615,0,0,1,0,0,0,0,0,0,,RELEASE

616,0,0,0,0,0,0,0,0,0,,THE ASK AND THE ANSWER

617,0,0,0,0,0,0,0,0,0,,THE KNIFE OF NEVER LETTING GO

618,0,0,1,0,1,0,0,0,0,,THE REST OF US JUST LIVE HERE

619,0,0,0,0,0,0,0,0,0,,EVERYTHING I NEVER TOLD YOU

620,0,0,1,0,0,0,0,0,0,,GIRLS OF PAPER AND FIRE

621,0,0,0,0,1,0,0,1,0,,ALL THE BRIGHT PLACES

622,0,1,0,0,1,0,0,0,0,,HOLDING UP THE UNIVERSE

623,0,0,0,0,0,0,0,0,0,,A CONFUSION OF PRINCES

624,0,0,1,0,0,0,0,0,0,,CLARIEL

625,0,0,0,0,0,0,0,0,0,,GOLDENHAND

626,0,0,0,0,0,0,0,0,0,,NEWTS EMERALD

627,0,0,0,0,0,0,0,0,0,,THE ABHORSEN CHRONICLES

628,0,0,0,0,0,0,0,0,0,,EVERMORE

629,0,0,0,0,0,0,0,0,0,,ROMEO AND OR JULIET

630,0,0,0,0,0,0,0,0,0,,UPROOTED

631,0,0,0,0,0,0,0,0,0,,WHEN THE GROUND IS HARD

632,0,0,0,0,0,0,0,0,0,,SHADOWSHAPER

633,0,0,0,0,0,0,0,0,0,,BEFORE I FALL

634,0,0,0,0,0,0,0,0,0,,DELIRIUM

635,0,0,0,0,0,0,0,0,0,,PANDEMONIUM

636,0,0,0,0,0,0,0,0,0,,PANIC

637,0,1,0,0,0,0,0,0,0,,REPLICA

638,0,0,0,0,0,0,0,0,0,,REQUIEM

639,0,0,0,0,0,0,0,0,0,,VANISHING GIRLS

640,0,0,0,0,0,0,0,1,0,,ASKING FOR IT

641,0,0,0,0,0,0,0,0,0,,AIRBORN

642,0,0,0,0,0,0,0,0,0,,HALF BROTHER

643,0,0,1,0,0,0,0,0,0,,EACH OF US A DESERT

644,0,0,0,0,0,0,0,0,0,,DOROTHY MUST DIE

645,0,0,0,0,0,0,0,0,0,,THE WICKED WILL RISE

646,0,0,0,0,0,0,0,0,0,,STEALING SNOW

647,0,0,0,0,0,0,0,0,0,,THE END OF OZ

648,0,0,0,0,0,0,0,0,0,,GEEK CHARMING

649,0,0,0,0,0,0,0,0,0,,"BRISINGR, OR THE SEVEN PROMISES OF ERAGON SHADESLAYER AND SAPHIRA BJARTSKULAR"

650,0,0,0,0,0,0,0,0,0,,ELDEST

651,0,0,0,0,0,0,0,0,0,,ERAGON

652,0,0,0,0,0,0,0,0,0,,INHERITANCE

653,0,0,0,0,0,0,0,1,0,,RANI PATEL IN FULL EFFECT

654,0,0,0,0,0,0,0,0,0,,MAXIMUM RIDE

655,0,0,0,0,0,0,0,0,0,,SCHOOLS OUT FOREVER

656,0,0,0,0,0,0,0,0,0,,EAST

657,0,0,0,0,0,0,0,0,0,,SISTERS RED

658,0,0,0,0,0,0,0,0,0,,THE RIVER BETWEEN US

659,0,0,0,0,0,0,0,0,0,,CRISS CROSS

660,0,0,0,0,0,0,0,0,0,,THERES SOMEONE INSIDE YOUR HOUSE

661,0,0,0,0,0,0,0,0,0,,NEVERWORLD WAKE

662,0,0,0,0,0,0,0,0,0,,TRISKELLION

663,0,0,1,1,0,1,0,0,0,,THE STARS AND THE BLACKNESS BETWEEN THEM

664,0,0,0,0,0,0,0,0,0,,LOCK & MORI

665,0,0,0,1,0,0,0,0,0,,THE FIELD GUIDE TO THE NORTH AMERICAN TEENAGER

666,0,0,0,0,0,0,0,0,0,,BETWEEN THE LINES

667,0,0,0,0,0,0,0,0,0,,OFF THE PAGE

668,0,0,0,0,0,0,0,0,0,,ALANNA

669,0,0,0,0,0,0,0,0,0,,IN THE HAND OF THE GODDESS

670,0,0,0,0,0,0,0,0,0,,LIONESS RAMPANT

671,0,0,0,0,0,0,0,0,0,,MELTING STONES

672,0,0,0,0,0,0,0,0,0,,TEMPESTS AND SLAUGHTER

673,0,0,0,0,0,0,0,0,0,,THE WOMAN WHO RIDES LIKE A MAN

674,0,0,0,0,0,0,0,0,0,,WINGS

675,0,0,1,0,0,0,0,0,0,,WILDER GIRLS

676,0,0,0,0,0,0,0,0,0,,DODGER

677,0,0,0,0,0,0,0,0,0,,NATION

678,0,0,0,0,0,0,0,0,0,,DESERT ANGEL

679,0,0,0,0,0,0,0,0,0,,I AM PRINCESS X

680,0,0,0,0,0,0,0,0,0,,THE VINYL PRINCESS

681,0,0,0,0,0,0,0,0,0,,AFTER

682,0,0,0,0,0,0,0,0,0,,THE TURNING

683,0,0,0,0,0,0,0,0,0,,IN THE SHADOW OF THE ARK

684,0,0,0,0,0,0,0,0,0,,THE AMBER SPYGLASS

685,0,0,0,0,0,0,0,0,0,,"THE BOOK OF DUST, VOLUME ONE"

686,0,0,0,0,0,0,0,0,0,,THE GOLDEN COMPASS

687,0,0,0,0,0,0,0,0,0,,THE SECRET COMMONWEALTH

688,0,0,0,0,0,0,0,0,0,,THE SUBTLE KNIFE

689,0,0,0,0,0,0,0,0,0,,BOY21

690,0,0,0,0,0,0,0,0,0,,EVERY EXQUISITE THING

691,0,0,0,0,0,0,0,1,0,,"FORGIVE ME, LEONARD PEACOCK"

692,0,0,0,0,0,0,0,0,0,,"GABI, A GIRL IN PIECES"

693,0,0,0,0,0,0,0,0,0,,NOTEWORTHY

694,0,0,1,0,0,1,0,0,1,,INVINCIBLE

695,0,0,1,0,1,0,0,0,0,,THE NOWHERE GIRLS

696,0,0,0,0,0,0,0,0,0,,THE THINGS A BROTHER KNOWS

697,0,0,0,0,0,0,0,0,0,,A MILLION SUNS

698,0,0,0,0,0,0,0,0,0,,ACROSS THE UNIVERSE

699,0,0,0,0,0,0,0,0,0,,SHADES OF EARTH

700,0,0,0,0,0,0,0,0,0,,ALL AMERICAN BOYS

701,0,0,0,0,0,0,0,0,0,,LONG WAY DOWN

702,0,0,0,0,0,0,0,0,0,,THE BOY IN THE BLACK SUIT

703,0,0,0,0,0,0,0,0,0,,FALLING KINGDOMS

704,0,0,0,0,0,0,0,0,0,,REBEL SPRING

705,0,0,0,0,0,0,0,0,0,,PATRON SAINTS OF NOTHING

706,0,0,0,0,0,0,0,0,0,,SIX MONTHS LATER

707,0,0,0,0,0,0,0,0,0,,A MAP OF DAYS

708,0,0,0,0,0,0,0,0,0,,HOLLOW CITY

709,0,0,0,0,0,0,0,0,0,,LIBRARY OF SOULS

710,0,0,0,0,0,0,0,0,0,,MISS PEREGRINES HOME FOR PECULIAR CHILDREN

711,0,0,0,0,0,0,0,0,0,,TALES OF THE PECULIAR

712,0,0,0,0,0,0,0,0,0,,A BREAK WITH CHARITY

713,0,0,0,0,0,0,0,0,0,,BROKEN DAYS

714,0,0,0,0,0,0,0,0,0,,THE FIFTH OF MARCH

715,0,0,0,0,0,0,0,0,0,,THE LAST SILK DRESS

716,0,0,1,0,0,0,0,0,0,,I HOPE YOU GET THIS MESSAGE

717,0,0,0,0,0,0,0,0,0,,BEASTLY BONES

718,0,0,0,0,0,0,0,0,0,,GHOSTLY ECHOES

719,0,0,0,0,0,0,0,0,0,,JACKABY

720,0,0,1,0,0,0,0,0,0,,JULIET TAKES A BREATH

721,0,0,0,0,0,0,0,0,0,,GIVING UP THE V

722,0,0,0,0,0,0,0,0,0,,TWISTED SUMMER

723,0,0,0,0,0,0,0,0,0,,AN ENCHANTMENT OF RAVENS

724,0,0,1,0,0,0,0,0,0,,SORCERY OF THORNS

725,0,0,0,0,0,0,0,0,0,,ALLEGIANT

726,0,0,0,0,0,0,0,0,0,,CARVE THE MARK

727,0,0,0,0,0,0,0,0,0,,DIVERGENT

728,0,0,0,0,0,0,0,0,0,,INSURGENT

729,0,0,0,0,0,0,0,0,0,,THE FATES DIVIDE

730,0,0,0,0,0,0,0,0,0,,ATTACHMENTS

731,0,0,1,0,0,0,0,0,0,,CARRY ON

732,0,0,0,0,0,0,0,0,0,,ELEANOR & PARK

733,0,0,0,0,0,0,0,0,0,,FANGIRL

734,0,0,0,0,0,0,0,0,0,,HARRY POTTER AND THE DEATHLY HALLOWS

735,0,0,0,0,0,0,0,0,0,,HARRY POTTER AND THE GOBLET OF FIRE

736,0,0,0,0,0,0,0,0,0,,HARRY POTTER AND THE HALF BLOOD PRINCE

737,0,0,0,0,0,0,0,0,0,,HARRY POTTER AND THE ORDER OF THE PHOENIX

738,0,0,0,0,0,0,0,0,0,,HARRY POTTER AND THE SORCERERS STONE

739,0,0,0,0,0,0,0,0,0,,DENTON LITTLES STILL NOT DEAD

740,0,0,0,0,1,0,0,0,0,,BONE GAP

741,0,0,0,0,0,0,0,0,0,,"THIRTEEN DOORWAYS, WOLVES BEHIND THEM ALL"

742,0,0,1,0,0,0,0,0,0,,BIRTHDAY

743,0,0,1,0,0,0,0,0,0,,IF I WAS YOUR GIRL

744,0,0,0,0,0,0,0,0,0,,WRITTEN IN THE STARS

745,0,0,1,0,0,0,0,0,0,,ARISTOTLE AND DANTE DISCOVER THE SECRETS OF THE UNIVERSE

746,0,0,0,0,0,0,0,1,0,,THIS SONG WILL SAVE YOUR LIFE

747,0,0,0,0,0,0,0,1,0,,I AM NOT YOUR PERFECT MEXICAN DAUGHTER

748,0,0,0,0,0,0,0,0,0,,SONG OF THE SPARROW

749,0,0,0,0,0,0,0,0,0,,THE RITHMATIST

750,0,0,0,0,0,0,0,0,0,,AFTER THE WOODS

751,0,0,0,0,0,0,0,0,0,,ANNA AND THE SWALLOW MAN

752,0,0,0,0,0,0,0,0,0,,THE WAY BACK

753,0,0,0,0,1,0,0,1,0,,FIG

754,0,0,0,0,0,0,0,0,0,,THE HIRED GIRL

755,0,0,0,0,0,0,0,0,0,,THE BEGINNING OF EVERYTHING

756,0,0,0,0,0,0,1,0,0,,THREATENED

757,0,0,0,0,0,0,0,0,0,,BETWEEN HERE AND FOREVER

758,0,0,0,0,0,0,0,1,0,,LIVING DEAD GIRL

759,0,0,0,0,0,0,0,0,0,,MIDWINTERBLOOD

760,0,0,0,0,0,0,0,0,0,,REVOLVER

761,0,0,0,0,0,0,0,0,0,,SAINT DEATH

762,0,0,0,0,0,1,0,0,0,,SHE IS NOT INVISIBLE

763,0,0,0,0,0,0,0,0,0,,THE GHOSTS OF HEAVEN

764,0,0,0,0,0,0,0,0,0,,VOYAGES IN THE UNDERWORLD OF ORPHEUS BLACK

765,0,0,0,0,0,0,0,0,0,,"WHERED YOU GO, BERNADETTE"

766,0,0,0,0,0,0,0,0,0,,BETWEEN SHADES OF GRAY

767,0,0,0,0,0,0,0,0,0,,OUT OF THE EASY

768,0,0,0,0,0,0,0,0,0,,SALT TO THE SEA

769,0,0,0,0,0,0,0,0,0,,THE FOUNTAINS OF SILENCE

770,0,0,0,0,0,0,0,0,0,,X

771,0,0,0,0,0,0,0,0,0,,THE LIGHT AT THE BOTTOM OF THE WORLD

772,0,0,0,0,0,0,0,0,0,,MY SO CALLED BOLLYWOOD LIFE

773,0,0,1,0,0,1,0,0,1,,FAR FROM YOU

774,0,1,0,0,0,0,0,0,0,,FLAVOR OF THE WEEK

775,0,0,0,0,0,0,0,0,0,,CONFESSIONS OF A TEENAGE DRAMA QUEEN

776,0,0,0,0,0,0,0,0,0,,ALICE IN ZOMBIELAND

777,0,0,0,0,1,0,0,0,0,,CHALLENGER DEEP

778,0,0,0,0,0,0,0,0,0,,SCYTHE

779,0,0,0,0,0,0,0,0,0,,THE TOLL

780,0,0,0,0,0,0,0,0,0,,THUNDERHEAD

781,0,0,1,0,0,0,0,0,0,,HISTORY IS ALL YOU LEFT ME

782,0,0,1,0,0,0,0,0,0,,MORE HAPPY THAN NOT

783,0,0,1,0,0,0,0,0,0,,THEY BOTH DIE AT THE END

784,0,0,1,0,0,0,0,0,0,,YOU ASKED FOR PERFECT

785,0,0,0,0,0,0,0,0,0,,JASPER JONES

786,0,0,0,0,0,0,0,0,0,,THE GLASS ARROW

787,0,0,0,0,0,0,0,0,0,,STRUTS & FRETS

788,0,0,0,0,0,0,0,0,0,,THE CROWNS GAME

789,0,0,0,0,0,0,0,0,0,,COUNTING BY 7S

790,0,0,0,0,0,1,0,0,0,,100 SIDEWAYS MILES

791,0,0,1,0,0,0,0,0,0,,GRASSHOPPER JUNGLE

792,0,0,0,0,0,0,0,0,0,,THE ALEX CROW

793,0,0,0,0,0,0,0,0,0,,WINGER

794,0,0,0,0,0,0,0,0,0,,BLESSED

795,0,0,0,0,0,0,0,0,0,,ETERNAL

796,0,0,0,0,0,0,0,0,0,,HEARTS UNBROKEN

797,0,0,0,0,0,0,0,0,0,,"NINJAS, PIRANHAS AND GALILEO"

798,0,0,0,0,1,0,0,0,0,,WILD AWAKE

799,0,0,0,0,0,0,0,0,0,,THE GEOGRAPHY OF YOU AND ME

800,0,0,0,0,0,0,0,0,0,,THIS IS WHAT HAPPY LOOKS LIKE

801,0,0,0,0,0,0,0,0,0,,FLYGIRL

802,0,0,0,0,0,0,0,0,0,,LUCY THE GIANT

803,0,0,0,0,0,0,0,0,0,,COURT DUEL

804,0,0,0,0,0,0,0,0,0,,CROWN DUEL

805,0,0,0,0,0,0,0,0,0,,UNSTOPPABLE MOSES

806,0,0,0,0,0,0,0,0,0,,WHAT MY MOTHER DOESNT KNOW

807,0,0,0,0,0,0,0,0,0,,NOTES FROM THE MIDNIGHT DRIVER

808,0,0,0,0,0,0,0,0,0,,IRON CAST

809,0,0,0,0,0,0,0,0,0,,STARGIRL

810,0,0,0,0,0,0,0,0,0,,WHAT THE NIGHT SINGS

811,0,0,0,0,0,0,0,0,0,,SHIVAS FIRE

812,0,0,0,0,0,0,0,0,0,,"BLUE LILY, LILY BLUE"

813,0,0,0,0,0,0,0,0,0,,LINGER

814,0,0,0,0,0,0,0,0,0,,SHIVER

815,0,0,0,0,0,0,0,0,0,,THE DREAM THIEVES

816,0,0,0,0,0,0,0,0,0,,THE RAVEN BOYS

817,0,0,0,0,0,0,0,0,0,,THE RAVEN KING

818,0,0,0,0,0,0,0,0,0,,THE SCORPIO RACES

819,0,0,0,0,0,0,0,0,0,,A MIDSUMMER NIGHTS SCREAM

820,0,0,0,0,0,0,0,0,0,,BLIND DATE

821,0,0,0,0,0,0,0,0,0,,THE OVERNIGHT

822,0,0,0,0,0,0,0,0,0,,BLACK WIDOW: FOREVER RED

823,0,0,0,0,0,0,0,0,0,,PROJECT 17

824,0,0,0,0,0,0,0,0,0,,DEAR JUSTYCE

825,0,0,0,0,0,0,0,0,0,,DEAR MARTIN

826,0,0,0,0,0,0,1,0,0,,JACKPOT

827,0,0,0,0,0,1,0,0,0,,EVERY LAST WORD

828,0,0,0,0,0,0,0,0,0,,BOOT CAMP

829,0,0,0,0,0,0,0,1,0,,LESLIES JOURNAL

830,0,0,0,0,1,0,0,0,0,,17 & GONE

831,0,0,0,0,0,0,0,0,0,,IMAGINARY GIRLS

832,0,0,0,0,0,0,0,0,0,,THE WALLS AROUND US

833,0,0,0,0,0,0,0,1,0,,ALL THE RAGE

834,0,0,0,0,0,0,0,0,0,,A REAPER AT THE GATES

835,0,0,0,0,0,0,0,0,0,,A TORCH AGAINST THE NIGHT

836,0,0,0,0,0,0,0,0,0,,AN EMBER IN THE ASHES

837,0,0,0,0,0,0,0,0,0,,INTO THE DIM

838,0,0,0,0,0,0,0,0,0,,DAUGHTER OF SMOKE & BONE

839,0,0,0,0,0,0,0,0,0,,DAYS OF BLOOD & STARLIGHT

840,0,0,0,0,0,0,0,0,0,,DREAMS OF GODS & MONSTERS

841,0,0,0,0,0,0,0,0,0,,STRANGE THE DREAMER

842,0,0,1,0,0,0,1,0,0,,MERMAID IN CHELSEA CREEK

843,0,0,0,0,0,0,0,0,0,,NOTHING

844,0,0,1,0,0,0,0,0,0,,CEMETERY BOYS

845,0,0,0,0,0,0,1,0,0,,CONCRETE ROSE

846,0,0,0,0,0,0,0,0,0,,THE HATE U GIVE

847,0,0,0,0,0,0,0,0,0,,THE DARKEST CORNERS

848,0,0,1,0,0,1,0,0,0,,BECAUSE YOULL NEVER MEET ME

849,0,0,0,0,0,1,0,0,0,,NOWHERE NEAR YOU

850,0,0,0,0,0,0,0,0,0,,"QUARANTINE, BOOK ONE"

851,0,0,1,0,0,0,0,0,0,,TARNISHED ARE THE STARS

852,0,0,0,0,0,0,0,0,0,,SISTER TO THE WOLF

853,0,0,0,0,0,0,0,0,0,,THE QUEEN OF ATTOLIA

854,0,0,0,0,0,0,0,0,0,,THE BEAST PLAYER

855,0,0,0,0,0,0,0,0,0,,FLIPPED

856,0,0,0,0,0,0,0,0,0,,WILD BIRD

857,0,0,0,0,1,0,0,1,0,,ITS KIND OF A FUNNY STORY

858,0,0,0,0,0,0,0,0,0,,TIMEBOUND

859,0,0,0,0,0,0,0,0,0,,THE STORYSPINNER

860,0,0,0,0,0,0,0,0,0,,THE MEMORY TREES

861,0,0,0,0,0,0,0,0,0,,WE ALL LOOKED UP

862,0,0,0,0,0,0,0,0,0,,"A MAD, WICKED FOLLY"

863,0,0,0,0,0,0,0,0,0,,GIRLS ON THE VERGE

864,0,0,0,0,0,0,0,0,0,,THE STRANGE & BEAUTIFUL SORROWS OF AVA LAVENDER

865,0,0,0,0,0,0,0,1,0,,MY HEART AND OTHER BLACK HOLES

866,0,0,0,0,0,0,0,0,1,,SHOOT THE MOON

867,0,0,0,0,0,0,0,0,0,,PIECING ME TOGETHER

868,0,0,0,0,0,0,0,0,0,,ANGEL FEVER

869,0,0,0,0,0,0,0,0,0,,ANGEL BURN

870,0,0,0,0,0,0,0,0,0,,ANGEL FIRE

871,1,0,0,0,0,0,0,0,0,,THE MURDERERS APE

872,0,0,0,0,0,0,0,0,0,,CODE NAME VERITY

873,0,0,0,0,0,0,0,0,0,,ROSE UNDER FIRE

874,0,0,1,0,0,0,0,0,0,,SUICIDE NOTES FROM BEAUTIFUL GIRLS

875,0,0,0,0,0,0,0,0,0,,WHEREVER NINA LIES

876,0,0,0,0,0,0,0,0,0,,LOVE & GELATO

877,0,0,0,0,0,0,0,0,0,,IMPOSSIBLE

878,0,0,0,0,0,0,0,0,0,,THE DISTANCE BETWEEN US

879,0,0,0,0,0,0,0,0,0,,AFTERWORLDS

880,0,0,0,0,0,0,0,0,0,,BEHEMOTH

881,0,0,0,0,0,0,0,0,0,,EXTRAS

882,0,0,0,0,0,0,0,0,0,,PEEPS

883,0,0,0,0,0,0,0,0,0,,PRETTIES

884,0,0,0,0,0,0,0,0,0,,SPECIALS

885,0,0,0,0,0,0,0,0,0,,UGLIES

886,0,0,0,0,0,0,0,0,0,,ZEROES

887,0,0,0,0,0,0,0,0,0,,NOGGIN

888,0,0,0,0,0,0,0,0,0,,WHERE THINGS COME BACK

889,0,0,0,0,0,0,0,0,0,,ENDLESSLY

890,0,0,0,0,0,0,0,0,0,,PARANORMALCY

891,0,0,0,0,0,0,0,0,0,,SLAYER

892,0,0,0,0,0,0,0,0,0,,SUPERNATURALLY

893,0,0,1,0,0,0,0,0,0,,THE ART OF BEING NORMAL

894,0,0,0,0,0,0,0,0,0,,"ADAM CANFIELD, WATCH YOUR BACK"

895,0,0,0,0,0,0,0,0,0,,IN THE SHADOW OF BLACKBIRDS

896,0,0,0,0,0,0,0,0,0,,HARD LOVE

897,0,0,0,0,0,0,0,0,0,,TRUE BELIEVER

898,0,0,0,0,0,0,0,1,0,,BELZHAR

899,0,0,0,0,0,0,0,0,0,,POISON

900,0,0,0,0,0,0,0,0,0,,SUMMER OF SUPERNOVAS

901,0,0,0,0,0,0,0,0,0,,LOCOMOTION

902,0,0,0,0,0,0,0,0,0,,THE EMPEROR OF ANY PLACE

903,0,0,0,0,0,0,0,0,0,,THE 5TH WAVE

904,0,0,0,0,0,0,0,0,0,,THE LAST STAR

905,0,0,0,0,0,0,0,0,0,,THE MONSTRUMOLOGIST

906,0,0,0,0,0,0,0,0,0,,THE INFINITE SEA

907,0,0,0,0,0,0,0,0,0,,HOW WE BECAME WICKED

908,0,0,0,0,0,0,0,0,0,,PRINCE ACROSS THE WATER

909,0,0,0,0,0,0,0,0,0,,QUEENS OWN FOOL

910,0,0,0,0,0,1,0,0,0,,"EVERYTHING, EVERYTHING"

911,0,0,0,1,0,0,0,0,0,,THE SUN IS ALSO A STAR

912,0,0,0,0,0,0,0,0,0,,BLOOD RED ROAD

913,0,0,0,0,0,0,0,0,0,,RAGING STAR

914,0,0,0,0,0,0,0,0,0,,REBEL HEART

915,0,0,0,0,0,0,0,0,0,,AS MANY NOWS AS I CAN GET

916,0,0,0,0,0,0,0,1,0,,ELIZA AND HER MONSTERS

917,0,0,0,0,0,0,1,0,0,,GEM & DIXIE

918,0,0,0,0,0,0,0,0,0,,HOW TO SAVE A LIFE

919,0,0,0,0,0,0,0,0,0,,THE LUCY VARIATIONS

920,0,0,0,0,0,0,0,1,0,,GOODBYE DAYS

921,0,0,0,0,0,0,0,0,0,,RAYNE & DELILAHS MIDNITE MATINEE

922,0,0,0,0,0,0,1,1,0,,THE SERPENT KING

923,0,0,0,0,0,0,0,0,0,,ALL THESE THINGS IVE DONE

924,0,0,0,0,0,0,0,0,0,,BECAUSE IT IS MY BLOOD

925,0,0,0,0,0,0,0,0,0,,ELSEWHERE

926,0,0,0,0,0,0,0,0,0,,CARING IS CREEPY

927,0,0,0,1,0,0,0,0,0,,AMERICAN STREET

928,0,0,0,0,0,0,0,0,0,,PRIDE

929,0,0,0,0,0,0,0,0,0,,PUNCHING THE AIR

930,0,0,0,0,0,0,0,0,0,,BRIDGE OF CLAY

931,0,0,0,0,0,0,0,0,0,,THE BOOK THIEF

932,0,0,0,0,0,0,0,0,0,,TRAPPED

933,0,0,0,0,0,0,0,0,0,,XANADU

934,0,0,0,0,0,0,0,0,0,,ZOMBIES VS UNICORNS

935,2,10,96,15,15,31,17,80,10,,Total

